num_qubits,depth,total_gates,h_gates,x_gates,y_gates,z_gates,cx_gates,cz_gates,rx_gates,ry_gates,rz_gates,measurement_gates,barriers,circuit_name,attack_type,noise_rate,sample_id,tvd,label
4,12,26,2,2,0,0,9,0,0,0,0,4,0,adder_n4.qasm,gate_deletion,0.005,0,0.9949999999999997,1
4,12,26,2,2,0,0,9,0,0,0,0,4,0,adder_n4.qasm,gate_deletion,0.005,1,0.9949999999999998,1
4,12,26,2,2,0,0,9,0,0,0,0,4,0,adder_n4.qasm,gate_deletion,0.005,2,0.995,1
4,12,26,2,2,0,0,9,0,0,0,0,4,0,adder_n4.qasm,gate_deletion,0.01,0,0.9899999999999997,1
4,12,26,2,2,0,0,9,0,0,0,0,4,0,adder_n4.qasm,gate_deletion,0.01,1,0.9949999999999997,1
4,12,26,2,2,0,0,9,0,0,0,0,4,0,adder_n4.qasm,gate_deletion,0.01,2,0.9949999999999998,1
4,12,26,2,2,0,0,9,0,0,0,0,4,0,adder_n4.qasm,gate_deletion,0.02,0,0.9949999999999999,1
4,12,26,2,2,0,0,9,0,0,0,0,4,0,adder_n4.qasm,gate_deletion,0.02,1,0.965,1
4,12,26,2,2,0,0,9,0,0,0,0,4,0,adder_n4.qasm,gate_deletion,0.02,2,0.9799999999999996,1
4,12,26,2,2,0,0,9,0,0,0,0,4,0,adder_n4.qasm,gate_deletion,0.03,0,0.9599999999999999,1
4,12,26,2,2,0,0,9,0,0,0,0,4,0,adder_n4.qasm,gate_deletion,0.03,1,0.975,1
4,12,26,2,2,0,0,9,0,0,0,0,4,0,adder_n4.qasm,gate_deletion,0.03,2,0.9749999999999998,1
4,12,26,2,2,0,0,9,0,0,0,0,4,0,adder_n4.qasm,gate_deletion,0.04,0,0.9799999999999999,1
4,12,26,2,2,0,0,9,0,0,0,0,4,0,adder_n4.qasm,gate_deletion,0.04,1,0.9699999999999998,1
4,12,26,2,2,0,0,9,0,0,0,0,4,0,adder_n4.qasm,gate_deletion,0.04,2,0.9799999999999999,1
4,12,26,2,2,0,0,9,0,0,0,0,4,0,adder_n4.qasm,gate_deletion,0.05,0,0.9599999999999999,1
4,12,26,2,2,0,0,9,0,0,0,0,4,0,adder_n4.qasm,gate_deletion,0.05,1,0.9599999999999999,1
4,12,26,2,2,0,0,9,0,0,0,0,4,0,adder_n4.qasm,gate_deletion,0.05,2,0.985,1
4,12,28,2,3,0,0,10,0,0,0,0,4,0,adder_n4.qasm,gate_insertion,0.005,0,0.9899999999999998,1
4,12,28,2,3,0,0,10,0,0,0,0,4,0,adder_n4.qasm,gate_insertion,0.005,1,0.9999999999999998,1
4,12,28,2,3,0,0,10,0,0,0,0,4,0,adder_n4.qasm,gate_insertion,0.005,2,0.9849999999999999,1
4,12,28,2,3,0,0,10,0,0,0,0,4,0,adder_n4.qasm,gate_insertion,0.01,0,0.9949999999999998,1
4,12,28,2,3,0,0,10,0,0,0,0,4,0,adder_n4.qasm,gate_insertion,0.01,1,0.98,1
4,12,28,2,3,0,0,10,0,0,0,0,4,0,adder_n4.qasm,gate_insertion,0.01,2,0.9949999999999999,1
4,12,28,2,3,0,0,10,0,0,0,0,4,0,adder_n4.qasm,gate_insertion,0.02,0,0.9699999999999998,1
4,12,28,2,3,0,0,10,0,0,0,0,4,0,adder_n4.qasm,gate_insertion,0.02,1,0.935,1
4,12,28,2,3,0,0,10,0,0,0,0,4,0,adder_n4.qasm,gate_insertion,0.02,2,0.95,1
4,12,28,2,3,0,0,10,0,0,0,0,4,0,adder_n4.qasm,gate_insertion,0.03,0,0.9399999999999998,1
4,12,28,2,3,0,0,10,0,0,0,0,4,0,adder_n4.qasm,gate_insertion,0.03,1,0.9599999999999999,1
4,12,28,2,3,0,0,10,0,0,0,0,4,0,adder_n4.qasm,gate_insertion,0.03,2,0.9649999999999999,1
4,12,28,2,3,0,0,10,0,0,0,0,4,0,adder_n4.qasm,gate_insertion,0.04,0,0.9149999999999999,1
4,12,28,2,3,0,0,10,0,0,0,0,4,0,adder_n4.qasm,gate_insertion,0.04,1,0.91,1
4,12,28,2,3,0,0,10,0,0,0,0,4,0,adder_n4.qasm,gate_insertion,0.04,2,0.9549999999999998,1
4,12,28,2,3,0,0,10,0,0,0,0,4,0,adder_n4.qasm,gate_insertion,0.05,0,0.9199999999999999,1
4,12,28,2,3,0,0,10,0,0,0,0,4,0,adder_n4.qasm,gate_insertion,0.05,1,0.9449999999999997,1
4,12,28,2,3,0,0,10,0,0,0,0,4,0,adder_n4.qasm,gate_insertion,0.05,2,0.94,1
4,12,27,2,2,1,0,10,0,0,0,0,4,0,adder_n4.qasm,gate_substitution,0.005,0,0.9849999999999998,1
4,12,27,2,2,1,0,10,0,0,0,0,4,0,adder_n4.qasm,gate_substitution,0.005,1,0.9899999999999998,1
4,12,27,2,2,1,0,10,0,0,0,0,4,0,adder_n4.qasm,gate_substitution,0.005,2,0.9949999999999997,1
4,12,27,2,2,1,0,10,0,0,0,0,4,0,adder_n4.qasm,gate_substitution,0.01,0,0.9899999999999999,1
4,12,27,2,2,1,0,10,0,0,0,0,4,0,adder_n4.qasm,gate_substitution,0.01,1,0.9849999999999998,1
4,12,27,2,2,1,0,10,0,0,0,0,4,0,adder_n4.qasm,gate_substitution,0.01,2,0.9949999999999998,1
4,12,27,2,2,1,0,10,0,0,0,0,4,0,adder_n4.qasm,gate_substitution,0.02,0,0.9749999999999998,1
4,12,27,2,2,1,0,10,0,0,0,0,4,0,adder_n4.qasm,gate_substitution,0.02,1,0.9849999999999999,1
4,12,27,2,2,1,0,10,0,0,0,0,4,0,adder_n4.qasm,gate_substitution,0.02,2,0.97,1
4,12,27,2,2,1,0,10,0,0,0,0,4,0,adder_n4.qasm,gate_substitution,0.03,0,0.9650000000000001,1
4,12,27,2,2,1,0,10,0,0,0,0,4,0,adder_n4.qasm,gate_substitution,0.03,1,0.985,1
4,12,27,2,2,1,0,10,0,0,0,0,4,0,adder_n4.qasm,gate_substitution,0.03,2,0.9699999999999998,1
4,12,27,2,2,1,0,10,0,0,0,0,4,0,adder_n4.qasm,gate_substitution,0.04,0,0.9699999999999998,1
4,12,27,2,2,1,0,10,0,0,0,0,4,0,adder_n4.qasm,gate_substitution,0.04,1,0.9499999999999996,1
4,12,27,2,2,1,0,10,0,0,0,0,4,0,adder_n4.qasm,gate_substitution,0.04,2,0.945,1
4,12,27,2,2,1,0,10,0,0,0,0,4,0,adder_n4.qasm,gate_substitution,0.05,0,0.9550000000000001,1
4,12,27,2,2,1,0,10,0,0,0,0,4,0,adder_n4.qasm,gate_substitution,0.05,1,0.955,1
4,12,27,2,2,1,0,10,0,0,0,0,4,0,adder_n4.qasm,gate_substitution,0.05,2,0.965,1
4,13,29,3,3,0,0,10,0,0,0,0,4,0,adder_n4.qasm,multiple_gate_insertion,0.005,0,0.55,1
4,13,29,3,3,0,0,10,0,0,0,0,4,0,adder_n4.qasm,multiple_gate_insertion,0.005,1,0.6,1
4,13,29,3,3,0,0,10,0,0,0,0,4,0,adder_n4.qasm,multiple_gate_insertion,0.005,2,0.515,1
4,13,29,3,3,0,0,10,0,0,0,0,4,0,adder_n4.qasm,multiple_gate_insertion,0.01,0,0.565,1
4,13,29,3,3,0,0,10,0,0,0,0,4,0,adder_n4.qasm,multiple_gate_insertion,0.01,1,0.5650000000000001,1
4,13,29,3,3,0,0,10,0,0,0,0,4,0,adder_n4.qasm,multiple_gate_insertion,0.01,2,0.5750000000000001,1
4,13,29,3,3,0,0,10,0,0,0,0,4,0,adder_n4.qasm,multiple_gate_insertion,0.02,0,0.6150000000000001,1
4,13,29,3,3,0,0,10,0,0,0,0,4,0,adder_n4.qasm,multiple_gate_insertion,0.02,1,0.6049999999999999,1
4,13,29,3,3,0,0,10,0,0,0,0,4,0,adder_n4.qasm,multiple_gate_insertion,0.02,2,0.62,1
4,13,29,3,3,0,0,10,0,0,0,0,4,0,adder_n4.qasm,multiple_gate_insertion,0.03,0,0.6549999999999998,1
4,13,29,3,3,0,0,10,0,0,0,0,4,0,adder_n4.qasm,multiple_gate_insertion,0.03,1,0.6849999999999999,1
4,13,29,3,3,0,0,10,0,0,0,0,4,0,adder_n4.qasm,multiple_gate_insertion,0.03,2,0.6849999999999999,1
4,13,29,3,3,0,0,10,0,0,0,0,4,0,adder_n4.qasm,multiple_gate_insertion,0.04,0,0.7099999999999999,1
4,13,29,3,3,0,0,10,0,0,0,0,4,0,adder_n4.qasm,multiple_gate_insertion,0.04,1,0.665,1
4,13,29,3,3,0,0,10,0,0,0,0,4,0,adder_n4.qasm,multiple_gate_insertion,0.04,2,0.75,1
4,13,29,3,3,0,0,10,0,0,0,0,4,0,adder_n4.qasm,multiple_gate_insertion,0.05,0,0.7399999999999999,1
4,13,29,3,3,0,0,10,0,0,0,0,4,0,adder_n4.qasm,multiple_gate_insertion,0.05,1,0.755,1
4,13,29,3,3,0,0,10,0,0,0,0,4,0,adder_n4.qasm,multiple_gate_insertion,0.05,2,0.7550000000000001,1
4,12,27,2,2,0,0,10,0,0,0,0,4,0,adder_n4.qasm,normal,0.005,0,0.09999999999999999,0
4,12,27,2,2,0,0,10,0,0,0,0,4,0,adder_n4.qasm,normal,0.005,1,0.075,0
4,12,27,2,2,0,0,10,0,0,0,0,4,0,adder_n4.qasm,normal,0.005,2,0.09,0
4,12,27,2,2,0,0,10,0,0,0,0,4,0,adder_n4.qasm,normal,0.01,0,0.14,0
4,12,27,2,2,0,0,10,0,0,0,0,4,0,adder_n4.qasm,normal,0.01,1,0.18000000000000005,0
4,12,27,2,2,0,0,10,0,0,0,0,4,0,adder_n4.qasm,normal,0.01,2,0.16500000000000004,0
4,12,27,2,2,0,0,10,0,0,0,0,4,0,adder_n4.qasm,normal,0.02,0,0.32000000000000006,0
4,12,27,2,2,0,0,10,0,0,0,0,4,0,adder_n4.qasm,normal,0.02,1,0.33000000000000007,0
4,12,27,2,2,0,0,10,0,0,0,0,4,0,adder_n4.qasm,normal,0.02,2,0.3850000000000001,0
4,12,27,2,2,0,0,10,0,0,0,0,4,0,adder_n4.qasm,normal,0.03,0,0.34,0
4,12,27,2,2,0,0,10,0,0,0,0,4,0,adder_n4.qasm,normal,0.03,1,0.40000000000000013,0
4,12,27,2,2,0,0,10,0,0,0,0,4,0,adder_n4.qasm,normal,0.03,2,0.4700000000000001,0
4,12,27,2,2,0,0,10,0,0,0,0,4,0,adder_n4.qasm,normal,0.04,0,0.48000000000000004,0
4,12,27,2,2,0,0,10,0,0,0,0,4,0,adder_n4.qasm,normal,0.04,1,0.495,0
4,12,27,2,2,0,0,10,0,0,0,0,4,0,adder_n4.qasm,normal,0.04,2,0.4600000000000001,0
4,12,27,2,2,0,0,10,0,0,0,0,4,0,adder_n4.qasm,normal,0.05,0,0.59,0
4,12,27,2,2,0,0,10,0,0,0,0,4,0,adder_n4.qasm,normal,0.05,1,0.63,0
4,12,27,2,2,0,0,10,0,0,0,0,4,0,adder_n4.qasm,normal,0.05,2,0.59,0
3,21,35,0,0,0,0,0,10,0,0,0,3,0,basis_change_n3.qasm,gate_deletion,0.005,0,0.525,1
3,21,35,0,0,0,0,0,10,0,0,0,3,0,basis_change_n3.qasm,gate_deletion,0.005,1,0.5449999999999999,1
3,21,35,0,0,0,0,0,10,0,0,0,3,0,basis_change_n3.qasm,gate_deletion,0.005,2,0.5800000000000001,1
3,21,35,0,0,0,0,0,10,0,0,0,3,0,basis_change_n3.qasm,gate_deletion,0.01,0,0.535,1
3,21,35,0,0,0,0,0,10,0,0,0,3,0,basis_change_n3.qasm,gate_deletion,0.01,1,0.6050000000000001,1
3,21,35,0,0,0,0,0,10,0,0,0,3,0,basis_change_n3.qasm,gate_deletion,0.01,2,0.635,1
3,21,35,0,0,0,0,0,10,0,0,0,3,0,basis_change_n3.qasm,gate_deletion,0.02,0,0.6400000000000001,1
3,21,35,0,0,0,0,0,10,0,0,0,3,0,basis_change_n3.qasm,gate_deletion,0.02,1,0.625,1
3,21,35,0,0,0,0,0,10,0,0,0,3,0,basis_change_n3.qasm,gate_deletion,0.02,2,0.6699999999999999,1
3,21,35,0,0,0,0,0,10,0,0,0,3,0,basis_change_n3.qasm,gate_deletion,0.03,0,0.695,1
3,21,35,0,0,0,0,0,10,0,0,0,3,0,basis_change_n3.qasm,gate_deletion,0.03,1,0.69,1
3,21,35,0,0,0,0,0,10,0,0,0,3,0,basis_change_n3.qasm,gate_deletion,0.03,2,0.6799999999999999,1
3,21,35,0,0,0,0,0,10,0,0,0,3,0,basis_change_n3.qasm,gate_deletion,0.04,0,0.77,1
3,21,35,0,0,0,0,0,10,0,0,0,3,0,basis_change_n3.qasm,gate_deletion,0.04,1,0.71,1
3,21,35,0,0,0,0,0,10,0,0,0,3,0,basis_change_n3.qasm,gate_deletion,0.04,2,0.745,1
3,21,35,0,0,0,0,0,10,0,0,0,3,0,basis_change_n3.qasm,gate_deletion,0.05,0,0.8,1
3,21,35,0,0,0,0,0,10,0,0,0,3,0,basis_change_n3.qasm,gate_deletion,0.05,1,0.8,1
3,21,35,0,0,0,0,0,10,0,0,0,3,0,basis_change_n3.qasm,gate_deletion,0.05,2,0.7500000000000002,1
3,22,37,0,1,0,0,0,10,0,0,0,3,0,basis_change_n3.qasm,gate_insertion,0.005,0,0.9449999999999998,1
3,22,37,0,1,0,0,0,10,0,0,0,3,0,basis_change_n3.qasm,gate_insertion,0.005,1,0.97,1
3,22,37,0,1,0,0,0,10,0,0,0,3,0,basis_change_n3.qasm,gate_insertion,0.005,2,0.9649999999999999,1
3,22,37,0,1,0,0,0,10,0,0,0,3,0,basis_change_n3.qasm,gate_insertion,0.01,0,0.925,1
3,22,37,0,1,0,0,0,10,0,0,0,3,0,basis_change_n3.qasm,gate_insertion,0.01,1,0.9299999999999999,1
3,22,37,0,1,0,0,0,10,0,0,0,3,0,basis_change_n3.qasm,gate_insertion,0.01,2,0.905,1
3,22,37,0,1,0,0,0,10,0,0,0,3,0,basis_change_n3.qasm,gate_insertion,0.02,0,0.905,1
3,22,37,0,1,0,0,0,10,0,0,0,3,0,basis_change_n3.qasm,gate_insertion,0.02,1,0.905,1
3,22,37,0,1,0,0,0,10,0,0,0,3,0,basis_change_n3.qasm,gate_insertion,0.02,2,0.915,1
3,22,37,0,1,0,0,0,10,0,0,0,3,0,basis_change_n3.qasm,gate_insertion,0.03,0,0.875,1
3,22,37,0,1,0,0,0,10,0,0,0,3,0,basis_change_n3.qasm,gate_insertion,0.03,1,0.88,1
3,22,37,0,1,0,0,0,10,0,0,0,3,0,basis_change_n3.qasm,gate_insertion,0.03,2,0.9,1
3,22,37,0,1,0,0,0,10,0,0,0,3,0,basis_change_n3.qasm,gate_insertion,0.04,0,0.8749999999999999,1
3,22,37,0,1,0,0,0,10,0,0,0,3,0,basis_change_n3.qasm,gate_insertion,0.04,1,0.895,1
3,22,37,0,1,0,0,0,10,0,0,0,3,0,basis_change_n3.qasm,gate_insertion,0.04,2,0.8700000000000001,1
3,22,37,0,1,0,0,0,10,0,0,0,3,0,basis_change_n3.qasm,gate_insertion,0.05,0,0.8700000000000001,1
3,22,37,0,1,0,0,0,10,0,0,0,3,0,basis_change_n3.qasm,gate_insertion,0.05,1,0.825,1
3,22,37,0,1,0,0,0,10,0,0,0,3,0,basis_change_n3.qasm,gate_insertion,0.05,2,0.87,1
3,22,36,0,1,0,0,0,10,0,0,0,3,0,basis_change_n3.qasm,gate_substitution,0.005,0,0.99,1
3,22,36,0,1,0,0,0,10,0,0,0,3,0,basis_change_n3.qasm,gate_substitution,0.005,1,0.9650000000000001,1
3,22,36,0,1,0,0,0,10,0,0,0,3,0,basis_change_n3.qasm,gate_substitution,0.005,2,0.9749999999999999,1
3,22,36,0,1,0,0,0,10,0,0,0,3,0,basis_change_n3.qasm,gate_substitution,0.01,0,0.9299999999999999,1
3,22,36,0,1,0,0,0,10,0,0,0,3,0,basis_change_n3.qasm,gate_substitution,0.01,1,0.975,1
3,22,36,0,1,0,0,0,10,0,0,0,3,0,basis_change_n3.qasm,gate_substitution,0.01,2,0.9350000000000002,1
3,22,36,0,1,0,0,0,10,0,0,0,3,0,basis_change_n3.qasm,gate_substitution,0.02,0,0.9000000000000001,1
3,22,36,0,1,0,0,0,10,0,0,0,3,0,basis_change_n3.qasm,gate_substitution,0.02,1,0.94,1
3,22,36,0,1,0,0,0,10,0,0,0,3,0,basis_change_n3.qasm,gate_substitution,0.02,2,0.925,1
3,22,36,0,1,0,0,0,10,0,0,0,3,0,basis_change_n3.qasm,gate_substitution,0.03,0,0.865,1
3,22,36,0,1,0,0,0,10,0,0,0,3,0,basis_change_n3.qasm,gate_substitution,0.03,1,0.905,1
3,22,36,0,1,0,0,0,10,0,0,0,3,0,basis_change_n3.qasm,gate_substitution,0.03,2,0.8750000000000001,1
3,22,36,0,1,0,0,0,10,0,0,0,3,0,basis_change_n3.qasm,gate_substitution,0.04,0,0.875,1
3,22,36,0,1,0,0,0,10,0,0,0,3,0,basis_change_n3.qasm,gate_substitution,0.04,1,0.8900000000000002,1
3,22,36,0,1,0,0,0,10,0,0,0,3,0,basis_change_n3.qasm,gate_substitution,0.04,2,0.91,1
3,22,36,0,1,0,0,0,10,0,0,0,3,0,basis_change_n3.qasm,gate_substitution,0.05,0,0.8650000000000002,1
3,22,36,0,1,0,0,0,10,0,0,0,3,0,basis_change_n3.qasm,gate_substitution,0.05,1,0.8550000000000001,1
3,22,36,0,1,0,0,0,10,0,0,0,3,0,basis_change_n3.qasm,gate_substitution,0.05,2,0.915,1
3,23,38,2,0,0,0,0,10,0,0,0,3,0,basis_change_n3.qasm,multiple_gate_insertion,0.005,0,0.8200000000000001,1
3,23,38,2,0,0,0,0,10,0,0,0,3,0,basis_change_n3.qasm,multiple_gate_insertion,0.005,1,0.685,1
3,23,38,2,0,0,0,0,10,0,0,0,3,0,basis_change_n3.qasm,multiple_gate_insertion,0.005,2,0.77,1
3,23,38,2,0,0,0,0,10,0,0,0,3,0,basis_change_n3.qasm,multiple_gate_insertion,0.01,0,0.785,1
3,23,38,2,0,0,0,0,10,0,0,0,3,0,basis_change_n3.qasm,multiple_gate_insertion,0.01,1,0.765,1
3,23,38,2,0,0,0,0,10,0,0,0,3,0,basis_change_n3.qasm,multiple_gate_insertion,0.01,2,0.7550000000000001,1
3,23,38,2,0,0,0,0,10,0,0,0,3,0,basis_change_n3.qasm,multiple_gate_insertion,0.02,0,0.79,1
3,23,38,2,0,0,0,0,10,0,0,0,3,0,basis_change_n3.qasm,multiple_gate_insertion,0.02,1,0.7550000000000001,1
3,23,38,2,0,0,0,0,10,0,0,0,3,0,basis_change_n3.qasm,multiple_gate_insertion,0.02,2,0.7649999999999999,1
3,23,38,2,0,0,0,0,10,0,0,0,3,0,basis_change_n3.qasm,multiple_gate_insertion,0.03,0,0.7749999999999999,1
3,23,38,2,0,0,0,0,10,0,0,0,3,0,basis_change_n3.qasm,multiple_gate_insertion,0.03,1,0.785,1
3,23,38,2,0,0,0,0,10,0,0,0,3,0,basis_change_n3.qasm,multiple_gate_insertion,0.03,2,0.8200000000000001,1
3,23,38,2,0,0,0,0,10,0,0,0,3,0,basis_change_n3.qasm,multiple_gate_insertion,0.04,0,0.84,1
3,23,38,2,0,0,0,0,10,0,0,0,3,0,basis_change_n3.qasm,multiple_gate_insertion,0.04,1,0.795,1
3,23,38,2,0,0,0,0,10,0,0,0,3,0,basis_change_n3.qasm,multiple_gate_insertion,0.04,2,0.805,1
3,23,38,2,0,0,0,0,10,0,0,0,3,0,basis_change_n3.qasm,multiple_gate_insertion,0.05,0,0.8449999999999999,1
3,23,38,2,0,0,0,0,10,0,0,0,3,0,basis_change_n3.qasm,multiple_gate_insertion,0.05,1,0.84,1
3,23,38,2,0,0,0,0,10,0,0,0,3,0,basis_change_n3.qasm,multiple_gate_insertion,0.05,2,0.8550000000000001,1
3,22,36,0,0,0,0,0,10,0,0,0,3,0,basis_change_n3.qasm,normal,0.005,0,0.09499999999999997,0
3,22,36,0,0,0,0,0,10,0,0,0,3,0,basis_change_n3.qasm,normal,0.005,1,0.06999999999999998,0
3,22,36,0,0,0,0,0,10,0,0,0,3,0,basis_change_n3.qasm,normal,0.005,2,0.15000000000000002,0
3,22,36,0,0,0,0,0,10,0,0,0,3,0,basis_change_n3.qasm,normal,0.01,0,0.2900000000000001,0
3,22,36,0,0,0,0,0,10,0,0,0,3,0,basis_change_n3.qasm,normal,0.01,1,0.215,0
3,22,36,0,0,0,0,0,10,0,0,0,3,0,basis_change_n3.qasm,normal,0.01,2,0.275,0
3,22,36,0,0,0,0,0,10,0,0,0,3,0,basis_change_n3.qasm,normal,0.02,0,0.4,0
3,22,36,0,0,0,0,0,10,0,0,0,3,0,basis_change_n3.qasm,normal,0.02,1,0.4,0
3,22,36,0,0,0,0,0,10,0,0,0,3,0,basis_change_n3.qasm,normal,0.02,2,0.455,0
3,22,36,0,0,0,0,0,10,0,0,0,3,0,basis_change_n3.qasm,normal,0.03,0,0.565,0
3,22,36,0,0,0,0,0,10,0,0,0,3,0,basis_change_n3.qasm,normal,0.03,1,0.5050000000000001,0
3,22,36,0,0,0,0,0,10,0,0,0,3,0,basis_change_n3.qasm,normal,0.03,2,0.5349999999999999,0
3,22,36,0,0,0,0,0,10,0,0,0,3,0,basis_change_n3.qasm,normal,0.04,0,0.7050000000000001,0
3,22,36,0,0,0,0,0,10,0,0,0,3,0,basis_change_n3.qasm,normal,0.04,1,0.645,0
3,22,36,0,0,0,0,0,10,0,0,0,3,0,basis_change_n3.qasm,normal,0.04,2,0.6599999999999999,0
3,22,36,0,0,0,0,0,10,0,0,0,3,0,basis_change_n3.qasm,normal,0.05,0,0.72,0
3,22,36,0,0,0,0,0,10,0,0,0,3,0,basis_change_n3.qasm,normal,0.05,1,0.75,0
3,22,36,0,0,0,0,0,10,0,0,0,3,0,basis_change_n3.qasm,normal,0.05,2,0.705,0
8,7,42,17,9,0,0,0,0,0,0,0,16,0,bb84_n8.qasm,gate_deletion,0.005,0,0.6000000000000001,1
8,7,42,17,9,0,0,0,0,0,0,0,16,0,bb84_n8.qasm,gate_deletion,0.005,1,0.5400000000000001,1
8,7,42,17,9,0,0,0,0,0,0,0,16,0,bb84_n8.qasm,gate_deletion,0.005,2,0.5300000000000002,1
8,7,42,17,9,0,0,0,0,0,0,0,16,0,bb84_n8.qasm,gate_deletion,0.01,0,0.535,1
8,7,42,17,9,0,0,0,0,0,0,0,16,0,bb84_n8.qasm,gate_deletion,0.01,1,0.5850000000000001,1
8,7,42,17,9,0,0,0,0,0,0,0,16,0,bb84_n8.qasm,gate_deletion,0.01,2,0.5250000000000002,1
8,7,42,17,9,0,0,0,0,0,0,0,16,0,bb84_n8.qasm,gate_deletion,0.02,0,0.575,1
8,7,42,17,9,0,0,0,0,0,0,0,16,0,bb84_n8.qasm,gate_deletion,0.02,1,0.6150000000000001,1
8,7,42,17,9,0,0,0,0,0,0,0,16,0,bb84_n8.qasm,gate_deletion,0.02,2,0.5449999999999999,1
8,7,42,17,9,0,0,0,0,0,0,0,16,0,bb84_n8.qasm,gate_deletion,0.03,0,0.5850000000000001,1
8,7,42,17,9,0,0,0,0,0,0,0,16,0,bb84_n8.qasm,gate_deletion,0.03,1,0.585,1
8,7,42,17,9,0,0,0,0,0,0,0,16,0,bb84_n8.qasm,gate_deletion,0.03,2,0.5700000000000002,1
8,7,42,17,9,0,0,0,0,0,0,0,16,0,bb84_n8.qasm,gate_deletion,0.04,0,0.5150000000000002,1
8,7,42,17,9,0,0,0,0,0,0,0,16,0,bb84_n8.qasm,gate_deletion,0.04,1,0.5300000000000001,1
8,7,42,17,9,0,0,0,0,0,0,0,16,0,bb84_n8.qasm,gate_deletion,0.04,2,0.5649999999999998,1
8,7,42,17,9,0,0,0,0,0,0,0,16,0,bb84_n8.qasm,gate_deletion,0.05,0,0.5749999999999998,1
8,7,42,17,9,0,0,0,0,0,0,0,16,0,bb84_n8.qasm,gate_deletion,0.05,1,0.615,1
8,7,42,17,9,0,0,0,0,0,0,0,16,0,bb84_n8.qasm,gate_deletion,0.05,2,0.61,1
8,7,44,18,9,0,1,0,0,0,0,0,16,0,bb84_n8.qasm,gate_insertion,0.005,0,0.26000000000000006,1
8,7,44,18,9,0,1,0,0,0,0,0,16,0,bb84_n8.qasm,gate_insertion,0.005,1,0.2300000000000001,1
8,7,44,18,9,0,1,0,0,0,0,0,16,0,bb84_n8.qasm,gate_insertion,0.005,2,0.21500000000000002,1
8,7,44,18,9,0,1,0,0,0,0,0,16,0,bb84_n8.qasm,gate_insertion,0.01,0,0.25000000000000006,1
8,7,44,18,9,0,1,0,0,0,0,0,16,0,bb84_n8.qasm,gate_insertion,0.01,1,0.21000000000000008,1
8,7,44,18,9,0,1,0,0,0,0,0,16,0,bb84_n8.qasm,gate_insertion,0.01,2,0.21000000000000005,1
8,7,44,18,9,0,1,0,0,0,0,0,16,0,bb84_n8.qasm,gate_insertion,0.02,0,0.3200000000000002,1
8,7,44,18,9,0,1,0,0,0,0,0,16,0,bb84_n8.qasm,gate_insertion,0.02,1,0.27500000000000013,1
8,7,44,18,9,0,1,0,0,0,0,0,16,0,bb84_n8.qasm,gate_insertion,0.02,2,0.20000000000000012,1
8,7,44,18,9,0,1,0,0,0,0,0,16,0,bb84_n8.qasm,gate_insertion,0.03,0,0.28000000000000014,1
8,7,44,18,9,0,1,0,0,0,0,0,16,0,bb84_n8.qasm,gate_insertion,0.03,1,0.2750000000000002,1
8,7,44,18,9,0,1,0,0,0,0,0,16,0,bb84_n8.qasm,gate_insertion,0.03,2,0.25500000000000017,1
8,7,44,18,9,0,1,0,0,0,0,0,16,0,bb84_n8.qasm,gate_insertion,0.04,0,0.3250000000000002,1
8,7,44,18,9,0,1,0,0,0,0,0,16,0,bb84_n8.qasm,gate_insertion,0.04,1,0.3400000000000002,1
8,7,44,18,9,0,1,0,0,0,0,0,16,0,bb84_n8.qasm,gate_insertion,0.04,2,0.28000000000000014,1
8,7,44,18,9,0,1,0,0,0,0,0,16,0,bb84_n8.qasm,gate_insertion,0.05,0,0.3250000000000002,1
8,7,44,18,9,0,1,0,0,0,0,0,16,0,bb84_n8.qasm,gate_insertion,0.05,1,0.39000000000000024,1
8,7,44,18,9,0,1,0,0,0,0,0,16,0,bb84_n8.qasm,gate_insertion,0.05,2,0.3350000000000002,1
8,7,43,17,10,0,0,0,0,0,0,0,16,0,bb84_n8.qasm,gate_substitution,0.005,0,0.23000000000000007,1
8,7,43,17,10,0,0,0,0,0,0,0,16,0,bb84_n8.qasm,gate_substitution,0.005,1,0.2200000000000001,1
8,7,43,17,10,0,0,0,0,0,0,0,16,0,bb84_n8.qasm,gate_substitution,0.005,2,0.20500000000000004,1
8,7,43,17,10,0,0,0,0,0,0,0,16,0,bb84_n8.qasm,gate_substitution,0.01,0,0.2650000000000001,1
8,7,43,17,10,0,0,0,0,0,0,0,16,0,bb84_n8.qasm,gate_substitution,0.01,1,0.2250000000000001,1
8,7,43,17,10,0,0,0,0,0,0,0,16,0,bb84_n8.qasm,gate_substitution,0.01,2,0.2400000000000001,1
8,7,43,17,10,0,0,0,0,0,0,0,16,0,bb84_n8.qasm,gate_substitution,0.02,0,0.2400000000000001,1
8,7,43,17,10,0,0,0,0,0,0,0,16,0,bb84_n8.qasm,gate_substitution,0.02,1,0.3000000000000001,1
8,7,43,17,10,0,0,0,0,0,0,0,16,0,bb84_n8.qasm,gate_substitution,0.02,2,0.2350000000000001,1
8,7,43,17,10,0,0,0,0,0,0,0,16,0,bb84_n8.qasm,gate_substitution,0.03,0,0.30500000000000016,1
8,7,43,17,10,0,0,0,0,0,0,0,16,0,bb84_n8.qasm,gate_substitution,0.03,1,0.23000000000000015,1
8,7,43,17,10,0,0,0,0,0,0,0,16,0,bb84_n8.qasm,gate_substitution,0.03,2,0.30500000000000016,1
8,7,43,17,10,0,0,0,0,0,0,0,16,0,bb84_n8.qasm,gate_substitution,0.04,0,0.31000000000000016,1
8,7,43,17,10,0,0,0,0,0,0,0,16,0,bb84_n8.qasm,gate_substitution,0.04,1,0.3350000000000002,1
8,7,43,17,10,0,0,0,0,0,0,0,16,0,bb84_n8.qasm,gate_substitution,0.04,2,0.27000000000000013,1
8,7,43,17,10,0,0,0,0,0,0,0,16,0,bb84_n8.qasm,gate_substitution,0.05,0,0.3250000000000002,1
8,7,43,17,10,0,0,0,0,0,0,0,16,0,bb84_n8.qasm,gate_substitution,0.05,1,0.3300000000000002,1
8,7,43,17,10,0,0,0,0,0,0,0,16,0,bb84_n8.qasm,gate_substitution,0.05,2,0.28500000000000014,1
8,8,46,18,9,1,2,0,0,0,0,0,16,0,bb84_n8.qasm,multiple_gate_insertion,0.005,0,0.9899999999999999,1
8,8,46,18,9,1,2,0,0,0,0,0,16,0,bb84_n8.qasm,multiple_gate_insertion,0.005,1,0.9899999999999997,1
8,8,46,18,9,1,2,0,0,0,0,0,16,0,bb84_n8.qasm,multiple_gate_insertion,0.005,2,0.9849999999999998,1
8,8,46,18,9,1,2,0,0,0,0,0,16,0,bb84_n8.qasm,multiple_gate_insertion,0.01,0,0.9949999999999998,1
8,8,46,18,9,1,2,0,0,0,0,0,16,0,bb84_n8.qasm,multiple_gate_insertion,0.01,1,0.9599999999999996,1
8,8,46,18,9,1,2,0,0,0,0,0,16,0,bb84_n8.qasm,multiple_gate_insertion,0.01,2,0.9849999999999994,1
8,8,46,18,9,1,2,0,0,0,0,0,16,0,bb84_n8.qasm,multiple_gate_insertion,0.02,0,0.9599999999999996,1
8,8,46,18,9,1,2,0,0,0,0,0,16,0,bb84_n8.qasm,multiple_gate_insertion,0.02,1,0.9699999999999999,1
8,8,46,18,9,1,2,0,0,0,0,0,16,0,bb84_n8.qasm,multiple_gate_insertion,0.02,2,0.9649999999999994,1
8,8,46,18,9,1,2,0,0,0,0,0,16,0,bb84_n8.qasm,multiple_gate_insertion,0.03,0,0.9399999999999995,1
8,8,46,18,9,1,2,0,0,0,0,0,16,0,bb84_n8.qasm,multiple_gate_insertion,0.03,1,0.9099999999999993,1
8,8,46,18,9,1,2,0,0,0,0,0,16,0,bb84_n8.qasm,multiple_gate_insertion,0.03,2,0.9749999999999995,1
8,8,46,18,9,1,2,0,0,0,0,0,16,0,bb84_n8.qasm,multiple_gate_insertion,0.04,0,0.9199999999999997,1
8,8,46,18,9,1,2,0,0,0,0,0,16,0,bb84_n8.qasm,multiple_gate_insertion,0.04,1,0.8999999999999998,1
8,8,46,18,9,1,2,0,0,0,0,0,16,0,bb84_n8.qasm,multiple_gate_insertion,0.04,2,0.9049999999999995,1
8,8,46,18,9,1,2,0,0,0,0,0,16,0,bb84_n8.qasm,multiple_gate_insertion,0.05,0,0.8749999999999991,1
8,8,46,18,9,1,2,0,0,0,0,0,16,0,bb84_n8.qasm,multiple_gate_insertion,0.05,1,0.9149999999999989,1
8,8,46,18,9,1,2,0,0,0,0,0,16,0,bb84_n8.qasm,multiple_gate_insertion,0.05,2,0.8699999999999994,1
8,7,43,18,9,0,0,0,0,0,0,0,16,0,bb84_n8.qasm,normal,0.005,0,0.26500000000000007,0
8,7,43,18,9,0,0,0,0,0,0,0,16,0,bb84_n8.qasm,normal,0.005,1,0.25500000000000006,0
8,7,43,18,9,0,0,0,0,0,0,0,16,0,bb84_n8.qasm,normal,0.005,2,0.21500000000000008,0
8,7,43,18,9,0,0,0,0,0,0,0,16,0,bb84_n8.qasm,normal,0.01,0,0.2250000000000001,0
8,7,43,18,9,0,0,0,0,0,0,0,16,0,bb84_n8.qasm,normal,0.01,1,0.27000000000000013,0
8,7,43,18,9,0,0,0,0,0,0,0,16,0,bb84_n8.qasm,normal,0.01,2,0.24000000000000007,0
8,7,43,18,9,0,0,0,0,0,0,0,16,0,bb84_n8.qasm,normal,0.02,0,0.28500000000000014,0
8,7,43,18,9,0,0,0,0,0,0,0,16,0,bb84_n8.qasm,normal,0.02,1,0.2650000000000001,0
8,7,43,18,9,0,0,0,0,0,0,0,16,0,bb84_n8.qasm,normal,0.02,2,0.27500000000000013,0
8,7,43,18,9,0,0,0,0,0,0,0,16,0,bb84_n8.qasm,normal,0.03,0,0.29500000000000015,0
8,7,43,18,9,0,0,0,0,0,0,0,16,0,bb84_n8.qasm,normal,0.03,1,0.28000000000000014,0
8,7,43,18,9,0,0,0,0,0,0,0,16,0,bb84_n8.qasm,normal,0.03,2,0.28500000000000014,0
8,7,43,18,9,0,0,0,0,0,0,0,16,0,bb84_n8.qasm,normal,0.04,0,0.3000000000000001,0
8,7,43,18,9,0,0,0,0,0,0,0,16,0,bb84_n8.qasm,normal,0.04,1,0.30500000000000016,0
8,7,43,18,9,0,0,0,0,0,0,0,16,0,bb84_n8.qasm,normal,0.04,2,0.34500000000000014,0
8,7,43,18,9,0,0,0,0,0,0,0,16,0,bb84_n8.qasm,normal,0.05,0,0.3500000000000002,0
8,7,43,18,9,0,0,0,0,0,0,0,16,0,bb84_n8.qasm,normal,0.05,1,0.38500000000000023,0
8,7,43,18,9,0,0,0,0,0,0,0,16,0,bb84_n8.qasm,normal,0.05,2,0.3400000000000002,0
4,14,36,3,0,0,0,7,0,7,6,2,4,0,bell_n4.qasm,gate_deletion,0.005,0,0.47,1
4,14,36,3,0,0,0,7,0,7,6,2,4,0,bell_n4.qasm,gate_deletion,0.005,1,0.45,1
4,14,36,3,0,0,0,7,0,7,6,2,4,0,bell_n4.qasm,gate_deletion,0.005,2,0.47500000000000003,1
4,14,36,3,0,0,0,7,0,7,6,2,4,0,bell_n4.qasm,gate_deletion,0.01,0,0.42999999999999994,1
4,14,36,3,0,0,0,7,0,7,6,2,4,0,bell_n4.qasm,gate_deletion,0.01,1,0.445,1
4,14,36,3,0,0,0,7,0,7,6,2,4,0,bell_n4.qasm,gate_deletion,0.01,2,0.425,1
4,14,36,3,0,0,0,7,0,7,6,2,4,0,bell_n4.qasm,gate_deletion,0.02,0,0.37,1
4,14,36,3,0,0,0,7,0,7,6,2,4,0,bell_n4.qasm,gate_deletion,0.02,1,0.37499999999999994,1
4,14,36,3,0,0,0,7,0,7,6,2,4,0,bell_n4.qasm,gate_deletion,0.02,2,0.43000000000000005,1
4,14,36,3,0,0,0,7,0,7,6,2,4,0,bell_n4.qasm,gate_deletion,0.03,0,0.32499999999999996,1
4,14,36,3,0,0,0,7,0,7,6,2,4,0,bell_n4.qasm,gate_deletion,0.03,1,0.32999999999999996,1
4,14,36,3,0,0,0,7,0,7,6,2,4,0,bell_n4.qasm,gate_deletion,0.03,2,0.37,1
4,14,36,3,0,0,0,7,0,7,6,2,4,0,bell_n4.qasm,gate_deletion,0.04,0,0.33499999999999996,1
4,14,36,3,0,0,0,7,0,7,6,2,4,0,bell_n4.qasm,gate_deletion,0.04,1,0.355,1
4,14,36,3,0,0,0,7,0,7,6,2,4,0,bell_n4.qasm,gate_deletion,0.04,2,0.31999999999999995,1
4,14,36,3,0,0,0,7,0,7,6,2,4,0,bell_n4.qasm,gate_deletion,0.05,0,0.34,1
4,14,36,3,0,0,0,7,0,7,6,2,4,0,bell_n4.qasm,gate_deletion,0.05,1,0.31000000000000005,1
4,14,36,3,0,0,0,7,0,7,6,2,4,0,bell_n4.qasm,gate_deletion,0.05,2,0.345,1
4,14,38,3,1,0,0,7,0,7,6,2,4,0,bell_n4.qasm,gate_insertion,0.005,0,0.38000000000000006,1
4,14,38,3,1,0,0,7,0,7,6,2,4,0,bell_n4.qasm,gate_insertion,0.005,1,0.385,1
4,14,38,3,1,0,0,7,0,7,6,2,4,0,bell_n4.qasm,gate_insertion,0.005,2,0.31,1
4,14,38,3,1,0,0,7,0,7,6,2,4,0,bell_n4.qasm,gate_insertion,0.01,0,0.31,1
4,14,38,3,1,0,0,7,0,7,6,2,4,0,bell_n4.qasm,gate_insertion,0.01,1,0.29999999999999993,1
4,14,38,3,1,0,0,7,0,7,6,2,4,0,bell_n4.qasm,gate_insertion,0.01,2,0.32999999999999996,1
4,14,38,3,1,0,0,7,0,7,6,2,4,0,bell_n4.qasm,gate_insertion,0.02,0,0.30500000000000005,1
4,14,38,3,1,0,0,7,0,7,6,2,4,0,bell_n4.qasm,gate_insertion,0.02,1,0.315,1
4,14,38,3,1,0,0,7,0,7,6,2,4,0,bell_n4.qasm,gate_insertion,0.02,2,0.3,1
4,14,38,3,1,0,0,7,0,7,6,2,4,0,bell_n4.qasm,gate_insertion,0.03,0,0.30000000000000004,1
4,14,38,3,1,0,0,7,0,7,6,2,4,0,bell_n4.qasm,gate_insertion,0.03,1,0.29500000000000004,1
4,14,38,3,1,0,0,7,0,7,6,2,4,0,bell_n4.qasm,gate_insertion,0.03,2,0.335,1
4,14,38,3,1,0,0,7,0,7,6,2,4,0,bell_n4.qasm,gate_insertion,0.04,0,0.33,1
4,14,38,3,1,0,0,7,0,7,6,2,4,0,bell_n4.qasm,gate_insertion,0.04,1,0.275,1
4,14,38,3,1,0,0,7,0,7,6,2,4,0,bell_n4.qasm,gate_insertion,0.04,2,0.295,1
4,14,38,3,1,0,0,7,0,7,6,2,4,0,bell_n4.qasm,gate_insertion,0.05,0,0.32500000000000007,1
4,14,38,3,1,0,0,7,0,7,6,2,4,0,bell_n4.qasm,gate_insertion,0.05,1,0.33,1
4,14,38,3,1,0,0,7,0,7,6,2,4,0,bell_n4.qasm,gate_insertion,0.05,2,0.27,1
4,14,37,3,0,0,1,7,0,7,6,1,4,0,bell_n4.qasm,gate_substitution,0.005,0,0.35000000000000003,1
4,14,37,3,0,0,1,7,0,7,6,1,4,0,bell_n4.qasm,gate_substitution,0.005,1,0.325,1
4,14,37,3,0,0,1,7,0,7,6,1,4,0,bell_n4.qasm,gate_substitution,0.005,2,0.33,1
4,14,37,3,0,0,1,7,0,7,6,1,4,0,bell_n4.qasm,gate_substitution,0.01,0,0.34500000000000003,1
4,14,37,3,0,0,1,7,0,7,6,1,4,0,bell_n4.qasm,gate_substitution,0.01,1,0.35000000000000003,1
4,14,37,3,0,0,1,7,0,7,6,1,4,0,bell_n4.qasm,gate_substitution,0.01,2,0.37500000000000006,1
4,14,37,3,0,0,1,7,0,7,6,1,4,0,bell_n4.qasm,gate_substitution,0.02,0,0.31,1
4,14,37,3,0,0,1,7,0,7,6,1,4,0,bell_n4.qasm,gate_substitution,0.02,1,0.27,1
4,14,37,3,0,0,1,7,0,7,6,1,4,0,bell_n4.qasm,gate_substitution,0.02,2,0.34,1
4,14,37,3,0,0,1,7,0,7,6,1,4,0,bell_n4.qasm,gate_substitution,0.03,0,0.31500000000000006,1
4,14,37,3,0,0,1,7,0,7,6,1,4,0,bell_n4.qasm,gate_substitution,0.03,1,0.30000000000000004,1
4,14,37,3,0,0,1,7,0,7,6,1,4,0,bell_n4.qasm,gate_substitution,0.03,2,0.3050000000000001,1
4,14,37,3,0,0,1,7,0,7,6,1,4,0,bell_n4.qasm,gate_substitution,0.04,0,0.29000000000000004,1
4,14,37,3,0,0,1,7,0,7,6,1,4,0,bell_n4.qasm,gate_substitution,0.04,1,0.29,1
4,14,37,3,0,0,1,7,0,7,6,1,4,0,bell_n4.qasm,gate_substitution,0.04,2,0.24500000000000002,1
4,14,37,3,0,0,1,7,0,7,6,1,4,0,bell_n4.qasm,gate_substitution,0.05,0,0.30000000000000004,1
4,14,37,3,0,0,1,7,0,7,6,1,4,0,bell_n4.qasm,gate_substitution,0.05,1,0.3,1
4,14,37,3,0,0,1,7,0,7,6,1,4,0,bell_n4.qasm,gate_substitution,0.05,2,0.36,1
4,14,40,3,3,0,0,7,0,7,6,2,4,0,bell_n4.qasm,multiple_gate_insertion,0.005,0,0.5700000000000001,1
4,14,40,3,3,0,0,7,0,7,6,2,4,0,bell_n4.qasm,multiple_gate_insertion,0.005,1,0.6100000000000001,1
4,14,40,3,3,0,0,7,0,7,6,2,4,0,bell_n4.qasm,multiple_gate_insertion,0.005,2,0.5700000000000001,1
4,14,40,3,3,0,0,7,0,7,6,2,4,0,bell_n4.qasm,multiple_gate_insertion,0.01,0,0.605,1
4,14,40,3,3,0,0,7,0,7,6,2,4,0,bell_n4.qasm,multiple_gate_insertion,0.01,1,0.5599999999999999,1
4,14,40,3,3,0,0,7,0,7,6,2,4,0,bell_n4.qasm,multiple_gate_insertion,0.01,2,0.52,1
4,14,40,3,3,0,0,7,0,7,6,2,4,0,bell_n4.qasm,multiple_gate_insertion,0.02,0,0.4850000000000001,1
4,14,40,3,3,0,0,7,0,7,6,2,4,0,bell_n4.qasm,multiple_gate_insertion,0.02,1,0.4799999999999999,1
4,14,40,3,3,0,0,7,0,7,6,2,4,0,bell_n4.qasm,multiple_gate_insertion,0.02,2,0.5,1
4,14,40,3,3,0,0,7,0,7,6,2,4,0,bell_n4.qasm,multiple_gate_insertion,0.03,0,0.45000000000000007,1
4,14,40,3,3,0,0,7,0,7,6,2,4,0,bell_n4.qasm,multiple_gate_insertion,0.03,1,0.41500000000000004,1
4,14,40,3,3,0,0,7,0,7,6,2,4,0,bell_n4.qasm,multiple_gate_insertion,0.03,2,0.4250000000000001,1
4,14,40,3,3,0,0,7,0,7,6,2,4,0,bell_n4.qasm,multiple_gate_insertion,0.04,0,0.3550000000000001,1
4,14,40,3,3,0,0,7,0,7,6,2,4,0,bell_n4.qasm,multiple_gate_insertion,0.04,1,0.4700000000000001,1
4,14,40,3,3,0,0,7,0,7,6,2,4,0,bell_n4.qasm,multiple_gate_insertion,0.04,2,0.39,1
4,14,40,3,3,0,0,7,0,7,6,2,4,0,bell_n4.qasm,multiple_gate_insertion,0.05,0,0.33000000000000007,1
4,14,40,3,3,0,0,7,0,7,6,2,4,0,bell_n4.qasm,multiple_gate_insertion,0.05,1,0.3600000000000001,1
4,14,40,3,3,0,0,7,0,7,6,2,4,0,bell_n4.qasm,multiple_gate_insertion,0.05,2,0.33999999999999997,1
4,14,37,3,0,0,0,7,0,7,6,2,4,0,bell_n4.qasm,normal,0.005,0,0.085,0
4,14,37,3,0,0,0,7,0,7,6,2,4,0,bell_n4.qasm,normal,0.005,1,0.14500000000000002,0
4,14,37,3,0,0,0,7,0,7,6,2,4,0,bell_n4.qasm,normal,0.005,2,0.14500000000000002,0
4,14,37,3,0,0,0,7,0,7,6,2,4,0,bell_n4.qasm,normal,0.01,0,0.125,0
4,14,37,3,0,0,0,7,0,7,6,2,4,0,bell_n4.qasm,normal,0.01,1,0.18500000000000003,0
4,14,37,3,0,0,0,7,0,7,6,2,4,0,bell_n4.qasm,normal,0.01,2,0.16,0
4,14,37,3,0,0,0,7,0,7,6,2,4,0,bell_n4.qasm,normal,0.02,0,0.135,0
4,14,37,3,0,0,0,7,0,7,6,2,4,0,bell_n4.qasm,normal,0.02,1,0.19,0
4,14,37,3,0,0,0,7,0,7,6,2,4,0,bell_n4.qasm,normal,0.02,2,0.16,0
4,14,37,3,0,0,0,7,0,7,6,2,4,0,bell_n4.qasm,normal,0.03,0,0.21000000000000005,0
4,14,37,3,0,0,0,7,0,7,6,2,4,0,bell_n4.qasm,normal,0.03,1,0.18000000000000002,0
4,14,37,3,0,0,0,7,0,7,6,2,4,0,bell_n4.qasm,normal,0.03,2,0.16000000000000003,0
4,14,37,3,0,0,0,7,0,7,6,2,4,0,bell_n4.qasm,normal,0.04,0,0.22999999999999995,0
4,14,37,3,0,0,0,7,0,7,6,2,4,0,bell_n4.qasm,normal,0.04,1,0.275,0
4,14,37,3,0,0,0,7,0,7,6,2,4,0,bell_n4.qasm,normal,0.04,2,0.265,0
4,14,37,3,0,0,0,7,0,7,6,2,4,0,bell_n4.qasm,normal,0.05,0,0.22999999999999998,0
4,14,37,3,0,0,0,7,0,7,6,2,4,0,bell_n4.qasm,normal,0.05,1,0.27,0
4,14,37,3,0,0,0,7,0,7,6,2,4,0,bell_n4.qasm,normal,0.05,2,0.29000000000000004,0
4,4,7,0,0,0,0,3,0,0,0,0,4,0,cat_state_n4.qasm,gate_deletion,0.005,0,0.45,1
4,4,7,0,0,0,0,3,0,0,0,0,4,0,cat_state_n4.qasm,gate_deletion,0.005,1,0.44999999999999996,1
4,4,7,0,0,0,0,3,0,0,0,0,4,0,cat_state_n4.qasm,gate_deletion,0.005,2,0.45,1
4,4,7,0,0,0,0,3,0,0,0,0,4,0,cat_state_n4.qasm,gate_deletion,0.01,0,0.425,1
4,4,7,0,0,0,0,3,0,0,0,0,4,0,cat_state_n4.qasm,gate_deletion,0.01,1,0.44,1
4,4,7,0,0,0,0,3,0,0,0,0,4,0,cat_state_n4.qasm,gate_deletion,0.01,2,0.435,1
4,4,7,0,0,0,0,3,0,0,0,0,4,0,cat_state_n4.qasm,gate_deletion,0.02,0,0.44000000000000006,1
4,4,7,0,0,0,0,3,0,0,0,0,4,0,cat_state_n4.qasm,gate_deletion,0.02,1,0.45,1
4,4,7,0,0,0,0,3,0,0,0,0,4,0,cat_state_n4.qasm,gate_deletion,0.02,2,0.44500000000000006,1
4,4,7,0,0,0,0,3,0,0,0,0,4,0,cat_state_n4.qasm,gate_deletion,0.03,0,0.445,1
4,4,7,0,0,0,0,3,0,0,0,0,4,0,cat_state_n4.qasm,gate_deletion,0.03,1,0.435,1
4,4,7,0,0,0,0,3,0,0,0,0,4,0,cat_state_n4.qasm,gate_deletion,0.03,2,0.41,1
4,4,7,0,0,0,0,3,0,0,0,0,4,0,cat_state_n4.qasm,gate_deletion,0.04,0,0.42500000000000004,1
4,4,7,0,0,0,0,3,0,0,0,0,4,0,cat_state_n4.qasm,gate_deletion,0.04,1,0.435,1
4,4,7,0,0,0,0,3,0,0,0,0,4,0,cat_state_n4.qasm,gate_deletion,0.04,2,0.42500000000000004,1
4,4,7,0,0,0,0,3,0,0,0,0,4,0,cat_state_n4.qasm,gate_deletion,0.05,0,0.42500000000000004,1
4,4,7,0,0,0,0,3,0,0,0,0,4,0,cat_state_n4.qasm,gate_deletion,0.05,1,0.42500000000000004,1
4,4,7,0,0,0,0,3,0,0,0,0,4,0,cat_state_n4.qasm,gate_deletion,0.05,2,0.435,1
4,5,9,1,0,0,1,3,0,0,0,0,4,0,cat_state_n4.qasm,gate_insertion,0.005,0,0.07500000000000004,1
4,5,9,1,0,0,1,3,0,0,0,0,4,0,cat_state_n4.qasm,gate_insertion,0.005,1,0.05000000000000002,1
4,5,9,1,0,0,1,3,0,0,0,0,4,0,cat_state_n4.qasm,gate_insertion,0.005,2,0.05000000000000001,1
4,5,9,1,0,0,1,3,0,0,0,0,4,0,cat_state_n4.qasm,gate_insertion,0.01,0,0.05000000000000003,1
4,5,9,1,0,0,1,3,0,0,0,0,4,0,cat_state_n4.qasm,gate_insertion,0.01,1,0.085,1
4,5,9,1,0,0,1,3,0,0,0,0,4,0,cat_state_n4.qasm,gate_insertion,0.01,2,0.04000000000000002,1
4,5,9,1,0,0,1,3,0,0,0,0,4,0,cat_state_n4.qasm,gate_insertion,0.02,0,0.12500000000000003,1
4,5,9,1,0,0,1,3,0,0,0,0,4,0,cat_state_n4.qasm,gate_insertion,0.02,1,0.06500000000000003,1
4,5,9,1,0,0,1,3,0,0,0,0,4,0,cat_state_n4.qasm,gate_insertion,0.02,2,0.10000000000000003,1
4,5,9,1,0,0,1,3,0,0,0,0,4,0,cat_state_n4.qasm,gate_insertion,0.03,0,0.11000000000000001,1
4,5,9,1,0,0,1,3,0,0,0,0,4,0,cat_state_n4.qasm,gate_insertion,0.03,1,0.11500000000000005,1
4,5,9,1,0,0,1,3,0,0,0,0,4,0,cat_state_n4.qasm,gate_insertion,0.03,2,0.17,1
4,5,9,1,0,0,1,3,0,0,0,0,4,0,cat_state_n4.qasm,gate_insertion,0.04,0,0.15000000000000005,1
4,5,9,1,0,0,1,3,0,0,0,0,4,0,cat_state_n4.qasm,gate_insertion,0.04,1,0.15000000000000005,1
4,5,9,1,0,0,1,3,0,0,0,0,4,0,cat_state_n4.qasm,gate_insertion,0.04,2,0.14000000000000007,1
4,5,9,1,0,0,1,3,0,0,0,0,4,0,cat_state_n4.qasm,gate_insertion,0.05,0,0.21500000000000002,1
4,5,9,1,0,0,1,3,0,0,0,0,4,0,cat_state_n4.qasm,gate_insertion,0.05,1,0.20000000000000004,1
4,5,9,1,0,0,1,3,0,0,0,0,4,0,cat_state_n4.qasm,gate_insertion,0.05,2,0.17000000000000004,1
4,5,8,0,0,0,1,3,0,0,0,0,4,0,cat_state_n4.qasm,gate_substitution,0.005,0,0.45,1
4,5,8,0,0,0,1,3,0,0,0,0,4,0,cat_state_n4.qasm,gate_substitution,0.005,1,0.45,1
4,5,8,0,0,0,1,3,0,0,0,0,4,0,cat_state_n4.qasm,gate_substitution,0.005,2,0.44,1
4,5,8,0,0,0,1,3,0,0,0,0,4,0,cat_state_n4.qasm,gate_substitution,0.01,0,0.43,1
4,5,8,0,0,0,1,3,0,0,0,0,4,0,cat_state_n4.qasm,gate_substitution,0.01,1,0.44,1
4,5,8,0,0,0,1,3,0,0,0,0,4,0,cat_state_n4.qasm,gate_substitution,0.01,2,0.435,1
4,5,8,0,0,0,1,3,0,0,0,0,4,0,cat_state_n4.qasm,gate_substitution,0.02,0,0.43,1
4,5,8,0,0,0,1,3,0,0,0,0,4,0,cat_state_n4.qasm,gate_substitution,0.02,1,0.44,1
4,5,8,0,0,0,1,3,0,0,0,0,4,0,cat_state_n4.qasm,gate_substitution,0.02,2,0.42,1
4,5,8,0,0,0,1,3,0,0,0,0,4,0,cat_state_n4.qasm,gate_substitution,0.03,0,0.44,1
4,5,8,0,0,0,1,3,0,0,0,0,4,0,cat_state_n4.qasm,gate_substitution,0.03,1,0.41500000000000004,1
4,5,8,0,0,0,1,3,0,0,0,0,4,0,cat_state_n4.qasm,gate_substitution,0.03,2,0.43,1
4,5,8,0,0,0,1,3,0,0,0,0,4,0,cat_state_n4.qasm,gate_substitution,0.04,0,0.42,1
4,5,8,0,0,0,1,3,0,0,0,0,4,0,cat_state_n4.qasm,gate_substitution,0.04,1,0.40499999999999997,1
4,5,8,0,0,0,1,3,0,0,0,0,4,0,cat_state_n4.qasm,gate_substitution,0.04,2,0.39499999999999996,1
4,5,8,0,0,0,1,3,0,0,0,0,4,0,cat_state_n4.qasm,gate_substitution,0.05,0,0.43,1
4,5,8,0,0,0,1,3,0,0,0,0,4,0,cat_state_n4.qasm,gate_substitution,0.05,1,0.435,1
4,5,8,0,0,0,1,3,0,0,0,0,4,0,cat_state_n4.qasm,gate_substitution,0.05,2,0.405,1
4,5,10,1,0,1,1,3,0,0,0,0,4,0,cat_state_n4.qasm,multiple_gate_insertion,0.005,0,0.9749999999999999,1
4,5,10,1,0,1,1,3,0,0,0,0,4,0,cat_state_n4.qasm,multiple_gate_insertion,0.005,1,1.0,1
4,5,10,1,0,1,1,3,0,0,0,0,4,0,cat_state_n4.qasm,multiple_gate_insertion,0.005,2,0.985,1
4,5,10,1,0,1,1,3,0,0,0,0,4,0,cat_state_n4.qasm,multiple_gate_insertion,0.01,0,0.9749999999999999,1
4,5,10,1,0,1,1,3,0,0,0,0,4,0,cat_state_n4.qasm,multiple_gate_insertion,0.01,1,0.9899999999999997,1
4,5,10,1,0,1,1,3,0,0,0,0,4,0,cat_state_n4.qasm,multiple_gate_insertion,0.01,2,0.9749999999999998,1
4,5,10,1,0,1,1,3,0,0,0,0,4,0,cat_state_n4.qasm,multiple_gate_insertion,0.02,0,0.955,1
4,5,10,1,0,1,1,3,0,0,0,0,4,0,cat_state_n4.qasm,multiple_gate_insertion,0.02,1,0.9499999999999998,1
4,5,10,1,0,1,1,3,0,0,0,0,4,0,cat_state_n4.qasm,multiple_gate_insertion,0.02,2,0.9449999999999998,1
4,5,10,1,0,1,1,3,0,0,0,0,4,0,cat_state_n4.qasm,multiple_gate_insertion,0.03,0,0.9299999999999999,1
4,5,10,1,0,1,1,3,0,0,0,0,4,0,cat_state_n4.qasm,multiple_gate_insertion,0.03,1,0.9399999999999998,1
4,5,10,1,0,1,1,3,0,0,0,0,4,0,cat_state_n4.qasm,multiple_gate_insertion,0.03,2,0.9049999999999999,1
4,5,10,1,0,1,1,3,0,0,0,0,4,0,cat_state_n4.qasm,multiple_gate_insertion,0.04,0,0.8649999999999999,1
4,5,10,1,0,1,1,3,0,0,0,0,4,0,cat_state_n4.qasm,multiple_gate_insertion,0.04,1,0.9049999999999999,1
4,5,10,1,0,1,1,3,0,0,0,0,4,0,cat_state_n4.qasm,multiple_gate_insertion,0.04,2,0.9299999999999998,1
4,5,10,1,0,1,1,3,0,0,0,0,4,0,cat_state_n4.qasm,multiple_gate_insertion,0.05,0,0.8899999999999999,1
4,5,10,1,0,1,1,3,0,0,0,0,4,0,cat_state_n4.qasm,multiple_gate_insertion,0.05,1,0.9449999999999997,1
4,5,10,1,0,1,1,3,0,0,0,0,4,0,cat_state_n4.qasm,multiple_gate_insertion,0.05,2,0.8999999999999998,1
4,5,8,1,0,0,0,3,0,0,0,0,4,0,cat_state_n4.qasm,normal,0.005,0,0.015000000000000012,0
4,5,8,1,0,0,0,3,0,0,0,0,4,0,cat_state_n4.qasm,normal,0.005,1,0.02500000000000001,0
4,5,8,1,0,0,0,3,0,0,0,0,4,0,cat_state_n4.qasm,normal,0.005,2,0.03500000000000002,0
4,5,8,1,0,0,0,3,0,0,0,0,4,0,cat_state_n4.qasm,normal,0.01,0,0.02000000000000001,0
4,5,8,1,0,0,0,3,0,0,0,0,4,0,cat_state_n4.qasm,normal,0.01,1,0.05000000000000001,0
4,5,8,1,0,0,0,3,0,0,0,0,4,0,cat_state_n4.qasm,normal,0.01,2,0.05000000000000001,0
4,5,8,1,0,0,0,3,0,0,0,0,4,0,cat_state_n4.qasm,normal,0.02,0,0.12000000000000002,0
4,5,8,1,0,0,0,3,0,0,0,0,4,0,cat_state_n4.qasm,normal,0.02,1,0.12500000000000003,0
4,5,8,1,0,0,0,3,0,0,0,0,4,0,cat_state_n4.qasm,normal,0.02,2,0.09000000000000001,0
4,5,8,1,0,0,0,3,0,0,0,0,4,0,cat_state_n4.qasm,normal,0.03,0,0.17500000000000004,0
4,5,8,1,0,0,0,3,0,0,0,0,4,0,cat_state_n4.qasm,normal,0.03,1,0.11,0
4,5,8,1,0,0,0,3,0,0,0,0,4,0,cat_state_n4.qasm,normal,0.03,2,0.11000000000000004,0
4,5,8,1,0,0,0,3,0,0,0,0,4,0,cat_state_n4.qasm,normal,0.04,0,0.20000000000000007,0
4,5,8,1,0,0,0,3,0,0,0,0,4,0,cat_state_n4.qasm,normal,0.04,1,0.18000000000000005,0
4,5,8,1,0,0,0,3,0,0,0,0,4,0,cat_state_n4.qasm,normal,0.04,2,0.15000000000000005,0
4,5,8,1,0,0,0,3,0,0,0,0,4,0,cat_state_n4.qasm,normal,0.05,0,0.18000000000000005,0
4,5,8,1,0,0,0,3,0,0,0,0,4,0,cat_state_n4.qasm,normal,0.05,1,0.17000000000000004,0
4,5,8,1,0,0,0,3,0,0,0,0,4,0,cat_state_n4.qasm,normal,0.05,2,0.18500000000000005,0
2,3,6,3,1,0,0,0,0,0,0,0,2,0,deutsch_n2.qasm,gate_deletion,0.005,0,0.9950000000000001,1
2,3,6,3,1,0,0,0,0,0,0,0,2,0,deutsch_n2.qasm,gate_deletion,0.005,1,0.9950000000000001,1
2,3,6,3,1,0,0,0,0,0,0,0,2,0,deutsch_n2.qasm,gate_deletion,0.005,2,0.99,1
2,3,6,3,1,0,0,0,0,0,0,0,2,0,deutsch_n2.qasm,gate_deletion,0.01,0,0.995,1
2,3,6,3,1,0,0,0,0,0,0,0,2,0,deutsch_n2.qasm,gate_deletion,0.01,1,0.99,1
2,3,6,3,1,0,0,0,0,0,0,0,2,0,deutsch_n2.qasm,gate_deletion,0.01,2,0.9950000000000001,1
2,3,6,3,1,0,0,0,0,0,0,0,2,0,deutsch_n2.qasm,gate_deletion,0.02,0,0.9850000000000001,1
2,3,6,3,1,0,0,0,0,0,0,0,2,0,deutsch_n2.qasm,gate_deletion,0.02,1,0.98,1
2,3,6,3,1,0,0,0,0,0,0,0,2,0,deutsch_n2.qasm,gate_deletion,0.02,2,0.9950000000000001,1
2,3,6,3,1,0,0,0,0,0,0,0,2,0,deutsch_n2.qasm,gate_deletion,0.03,0,0.9750000000000001,1
2,3,6,3,1,0,0,0,0,0,0,0,2,0,deutsch_n2.qasm,gate_deletion,0.03,1,0.98,1
2,3,6,3,1,0,0,0,0,0,0,0,2,0,deutsch_n2.qasm,gate_deletion,0.03,2,0.9750000000000001,1
2,3,6,3,1,0,0,0,0,0,0,0,2,0,deutsch_n2.qasm,gate_deletion,0.04,0,0.95,1
2,3,6,3,1,0,0,0,0,0,0,0,2,0,deutsch_n2.qasm,gate_deletion,0.04,1,0.985,1
2,3,6,3,1,0,0,0,0,0,0,0,2,0,deutsch_n2.qasm,gate_deletion,0.04,2,0.9550000000000001,1
2,3,6,3,1,0,0,0,0,0,0,0,2,0,deutsch_n2.qasm,gate_deletion,0.05,0,0.96,1
2,3,6,3,1,0,0,0,0,0,0,0,2,0,deutsch_n2.qasm,gate_deletion,0.05,1,0.96,1
2,3,6,3,1,0,0,0,0,0,0,0,2,0,deutsch_n2.qasm,gate_deletion,0.05,2,0.96,1
2,5,8,4,1,0,0,1,0,0,0,0,2,0,deutsch_n2.qasm,gate_insertion,0.005,0,0.46499999999999997,1
2,5,8,4,1,0,0,1,0,0,0,0,2,0,deutsch_n2.qasm,gate_insertion,0.005,1,0.44999999999999996,1
2,5,8,4,1,0,0,1,0,0,0,0,2,0,deutsch_n2.qasm,gate_insertion,0.005,2,0.46499999999999997,1
2,5,8,4,1,0,0,1,0,0,0,0,2,0,deutsch_n2.qasm,gate_insertion,0.01,0,0.44999999999999996,1
2,5,8,4,1,0,0,1,0,0,0,0,2,0,deutsch_n2.qasm,gate_insertion,0.01,1,0.445,1
2,5,8,4,1,0,0,1,0,0,0,0,2,0,deutsch_n2.qasm,gate_insertion,0.01,2,0.445,1
2,5,8,4,1,0,0,1,0,0,0,0,2,0,deutsch_n2.qasm,gate_insertion,0.02,0,0.435,1
2,5,8,4,1,0,0,1,0,0,0,0,2,0,deutsch_n2.qasm,gate_insertion,0.02,1,0.46,1
2,5,8,4,1,0,0,1,0,0,0,0,2,0,deutsch_n2.qasm,gate_insertion,0.02,2,0.43500000000000005,1
2,5,8,4,1,0,0,1,0,0,0,0,2,0,deutsch_n2.qasm,gate_insertion,0.03,0,0.42000000000000004,1
2,5,8,4,1,0,0,1,0,0,0,0,2,0,deutsch_n2.qasm,gate_insertion,0.03,1,0.42500000000000004,1
2,5,8,4,1,0,0,1,0,0,0,0,2,0,deutsch_n2.qasm,gate_insertion,0.03,2,0.43000000000000005,1
2,5,8,4,1,0,0,1,0,0,0,0,2,0,deutsch_n2.qasm,gate_insertion,0.04,0,0.41500000000000004,1
2,5,8,4,1,0,0,1,0,0,0,0,2,0,deutsch_n2.qasm,gate_insertion,0.04,1,0.41500000000000004,1
2,5,8,4,1,0,0,1,0,0,0,0,2,0,deutsch_n2.qasm,gate_insertion,0.04,2,0.43500000000000005,1
2,5,8,4,1,0,0,1,0,0,0,0,2,0,deutsch_n2.qasm,gate_insertion,0.05,0,0.38,1
2,5,8,4,1,0,0,1,0,0,0,0,2,0,deutsch_n2.qasm,gate_insertion,0.05,1,0.38999999999999996,1
2,5,8,4,1,0,0,1,0,0,0,0,2,0,deutsch_n2.qasm,gate_insertion,0.05,2,0.42500000000000004,1
2,5,7,2,2,0,0,1,0,0,0,0,2,0,deutsch_n2.qasm,gate_substitution,0.005,0,0.545,1
2,5,7,2,2,0,0,1,0,0,0,0,2,0,deutsch_n2.qasm,gate_substitution,0.005,1,0.595,1
2,5,7,2,2,0,0,1,0,0,0,0,2,0,deutsch_n2.qasm,gate_substitution,0.005,2,0.465,1
2,5,7,2,2,0,0,1,0,0,0,0,2,0,deutsch_n2.qasm,gate_substitution,0.01,0,0.485,1
2,5,7,2,2,0,0,1,0,0,0,0,2,0,deutsch_n2.qasm,gate_substitution,0.01,1,0.53,1
2,5,7,2,2,0,0,1,0,0,0,0,2,0,deutsch_n2.qasm,gate_substitution,0.01,2,0.48000000000000004,1
2,5,7,2,2,0,0,1,0,0,0,0,2,0,deutsch_n2.qasm,gate_substitution,0.02,0,0.47500000000000003,1
2,5,7,2,2,0,0,1,0,0,0,0,2,0,deutsch_n2.qasm,gate_substitution,0.02,1,0.435,1
2,5,7,2,2,0,0,1,0,0,0,0,2,0,deutsch_n2.qasm,gate_substitution,0.02,2,0.53,1
2,5,7,2,2,0,0,1,0,0,0,0,2,0,deutsch_n2.qasm,gate_substitution,0.03,0,0.49500000000000005,1
2,5,7,2,2,0,0,1,0,0,0,0,2,0,deutsch_n2.qasm,gate_substitution,0.03,1,0.42500000000000004,1
2,5,7,2,2,0,0,1,0,0,0,0,2,0,deutsch_n2.qasm,gate_substitution,0.03,2,0.45,1
2,5,7,2,2,0,0,1,0,0,0,0,2,0,deutsch_n2.qasm,gate_substitution,0.04,0,0.5150000000000001,1
2,5,7,2,2,0,0,1,0,0,0,0,2,0,deutsch_n2.qasm,gate_substitution,0.04,1,0.51,1
2,5,7,2,2,0,0,1,0,0,0,0,2,0,deutsch_n2.qasm,gate_substitution,0.04,2,0.52,1
2,5,7,2,2,0,0,1,0,0,0,0,2,0,deutsch_n2.qasm,gate_substitution,0.05,0,0.55,1
2,5,7,2,2,0,0,1,0,0,0,0,2,0,deutsch_n2.qasm,gate_substitution,0.05,1,0.5250000000000001,1
2,5,7,2,2,0,0,1,0,0,0,0,2,0,deutsch_n2.qasm,gate_substitution,0.05,2,0.53,1
2,8,10,3,1,1,2,1,0,0,0,0,2,0,deutsch_n2.qasm,multiple_gate_insertion,0.005,0,0.975,1
2,8,10,3,1,1,2,1,0,0,0,0,2,0,deutsch_n2.qasm,multiple_gate_insertion,0.005,1,0.96,1
2,8,10,3,1,1,2,1,0,0,0,0,2,0,deutsch_n2.qasm,multiple_gate_insertion,0.005,2,0.97,1
2,8,10,3,1,1,2,1,0,0,0,0,2,0,deutsch_n2.qasm,multiple_gate_insertion,0.01,0,0.95,1
2,8,10,3,1,1,2,1,0,0,0,0,2,0,deutsch_n2.qasm,multiple_gate_insertion,0.01,1,0.95,1
2,8,10,3,1,1,2,1,0,0,0,0,2,0,deutsch_n2.qasm,multiple_gate_insertion,0.01,2,0.9650000000000001,1
2,8,10,3,1,1,2,1,0,0,0,0,2,0,deutsch_n2.qasm,multiple_gate_insertion,0.02,0,0.935,1
2,8,10,3,1,1,2,1,0,0,0,0,2,0,deutsch_n2.qasm,multiple_gate_insertion,0.02,1,0.895,1
2,8,10,3,1,1,2,1,0,0,0,0,2,0,deutsch_n2.qasm,multiple_gate_insertion,0.02,2,0.895,1
2,8,10,3,1,1,2,1,0,0,0,0,2,0,deutsch_n2.qasm,multiple_gate_insertion,0.03,0,0.895,1
2,8,10,3,1,1,2,1,0,0,0,0,2,0,deutsch_n2.qasm,multiple_gate_insertion,0.03,1,0.8500000000000001,1
2,8,10,3,1,1,2,1,0,0,0,0,2,0,deutsch_n2.qasm,multiple_gate_insertion,0.03,2,0.835,1
2,8,10,3,1,1,2,1,0,0,0,0,2,0,deutsch_n2.qasm,multiple_gate_insertion,0.04,0,0.865,1
2,8,10,3,1,1,2,1,0,0,0,0,2,0,deutsch_n2.qasm,multiple_gate_insertion,0.04,1,0.875,1
2,8,10,3,1,1,2,1,0,0,0,0,2,0,deutsch_n2.qasm,multiple_gate_insertion,0.04,2,0.8450000000000001,1
2,8,10,3,1,1,2,1,0,0,0,0,2,0,deutsch_n2.qasm,multiple_gate_insertion,0.05,0,0.8350000000000001,1
2,8,10,3,1,1,2,1,0,0,0,0,2,0,deutsch_n2.qasm,multiple_gate_insertion,0.05,1,0.8350000000000001,1
2,8,10,3,1,1,2,1,0,0,0,0,2,0,deutsch_n2.qasm,multiple_gate_insertion,0.05,2,0.7999999999999999,1
2,5,7,3,1,0,0,1,0,0,0,0,2,0,deutsch_n2.qasm,normal,0.005,0,0.08000000000000002,0
2,5,7,3,1,0,0,1,0,0,0,0,2,0,deutsch_n2.qasm,normal,0.005,1,0.08000000000000002,0
2,5,7,3,1,0,0,1,0,0,0,0,2,0,deutsch_n2.qasm,normal,0.005,2,0.02499999999999999,0
2,5,7,3,1,0,0,1,0,0,0,0,2,0,deutsch_n2.qasm,normal,0.01,0,0.09000000000000001,0
2,5,7,3,1,0,0,1,0,0,0,0,2,0,deutsch_n2.qasm,normal,0.01,1,0.08,0
2,5,7,3,1,0,0,1,0,0,0,0,2,0,deutsch_n2.qasm,normal,0.01,2,0.07499999999999998,0
2,5,7,3,1,0,0,1,0,0,0,0,2,0,deutsch_n2.qasm,normal,0.02,0,0.05000000000000002,0
2,5,7,3,1,0,0,1,0,0,0,0,2,0,deutsch_n2.qasm,normal,0.02,1,0.07999999999999999,0
2,5,7,3,1,0,0,1,0,0,0,0,2,0,deutsch_n2.qasm,normal,0.02,2,0.025000000000000012,0
2,5,7,3,1,0,0,1,0,0,0,0,2,0,deutsch_n2.qasm,normal,0.03,0,0.060000000000000005,0
2,5,7,3,1,0,0,1,0,0,0,0,2,0,deutsch_n2.qasm,normal,0.03,1,0.09000000000000001,0
2,5,7,3,1,0,0,1,0,0,0,0,2,0,deutsch_n2.qasm,normal,0.03,2,0.10500000000000002,0
2,5,7,3,1,0,0,1,0,0,0,0,2,0,deutsch_n2.qasm,normal,0.04,0,0.10000000000000002,0
2,5,7,3,1,0,0,1,0,0,0,0,2,0,deutsch_n2.qasm,normal,0.04,1,0.1,0
2,5,7,3,1,0,0,1,0,0,0,0,2,0,deutsch_n2.qasm,normal,0.04,2,0.12500000000000003,0
2,5,7,3,1,0,0,1,0,0,0,0,2,0,deutsch_n2.qasm,normal,0.05,0,0.16000000000000003,0
2,5,7,3,1,0,0,1,0,0,0,0,2,0,deutsch_n2.qasm,normal,0.05,1,0.12000000000000002,0
2,5,7,3,1,0,0,1,0,0,0,0,2,0,deutsch_n2.qasm,normal,0.05,2,0.11500000000000002,0
2,155,227,0,0,0,0,42,0,57,32,38,2,0,dnn_n2.qasm,gate_deletion,0.005,0,0.315,1
2,155,227,0,0,0,0,42,0,57,32,38,2,0,dnn_n2.qasm,gate_deletion,0.005,1,0.305,1
2,155,227,0,0,0,0,42,0,57,32,38,2,0,dnn_n2.qasm,gate_deletion,0.005,2,0.31,1
2,155,227,0,0,0,0,42,0,57,32,38,2,0,dnn_n2.qasm,gate_deletion,0.01,0,0.29,1
2,155,227,0,0,0,0,42,0,57,32,38,2,0,dnn_n2.qasm,gate_deletion,0.01,1,0.28,1
2,155,227,0,0,0,0,42,0,57,32,38,2,0,dnn_n2.qasm,gate_deletion,0.01,2,0.38,1
2,155,227,0,0,0,0,42,0,57,32,38,2,0,dnn_n2.qasm,gate_deletion,0.02,0,0.41000000000000003,1
2,155,227,0,0,0,0,42,0,57,32,38,2,0,dnn_n2.qasm,gate_deletion,0.02,1,0.33999999999999997,1
2,155,227,0,0,0,0,42,0,57,32,38,2,0,dnn_n2.qasm,gate_deletion,0.02,2,0.425,1
2,155,227,0,0,0,0,42,0,57,32,38,2,0,dnn_n2.qasm,gate_deletion,0.03,0,0.44499999999999995,1
2,155,227,0,0,0,0,42,0,57,32,38,2,0,dnn_n2.qasm,gate_deletion,0.03,1,0.39,1
2,155,227,0,0,0,0,42,0,57,32,38,2,0,dnn_n2.qasm,gate_deletion,0.03,2,0.41500000000000004,1
2,155,227,0,0,0,0,42,0,57,32,38,2,0,dnn_n2.qasm,gate_deletion,0.04,0,0.38,1
2,155,227,0,0,0,0,42,0,57,32,38,2,0,dnn_n2.qasm,gate_deletion,0.04,1,0.395,1
2,155,227,0,0,0,0,42,0,57,32,38,2,0,dnn_n2.qasm,gate_deletion,0.04,2,0.405,1
2,155,227,0,0,0,0,42,0,57,32,38,2,0,dnn_n2.qasm,gate_deletion,0.05,0,0.365,1
2,155,227,0,0,0,0,42,0,57,32,38,2,0,dnn_n2.qasm,gate_deletion,0.05,1,0.405,1
2,155,227,0,0,0,0,42,0,57,32,38,2,0,dnn_n2.qasm,gate_deletion,0.05,2,0.385,1
2,156,229,0,0,1,0,42,0,58,32,38,2,0,dnn_n2.qasm,gate_insertion,0.005,0,0.43,1
2,156,229,0,0,1,0,42,0,58,32,38,2,0,dnn_n2.qasm,gate_insertion,0.005,1,0.41000000000000003,1
2,156,229,0,0,1,0,42,0,58,32,38,2,0,dnn_n2.qasm,gate_insertion,0.005,2,0.42,1
2,156,229,0,0,1,0,42,0,58,32,38,2,0,dnn_n2.qasm,gate_insertion,0.01,0,0.375,1
2,156,229,0,0,1,0,42,0,58,32,38,2,0,dnn_n2.qasm,gate_insertion,0.01,1,0.43500000000000005,1
2,156,229,0,0,1,0,42,0,58,32,38,2,0,dnn_n2.qasm,gate_insertion,0.01,2,0.44499999999999995,1
2,156,229,0,0,1,0,42,0,58,32,38,2,0,dnn_n2.qasm,gate_insertion,0.02,0,0.37,1
2,156,229,0,0,1,0,42,0,58,32,38,2,0,dnn_n2.qasm,gate_insertion,0.02,1,0.40499999999999997,1
2,156,229,0,0,1,0,42,0,58,32,38,2,0,dnn_n2.qasm,gate_insertion,0.02,2,0.39,1
2,156,229,0,0,1,0,42,0,58,32,38,2,0,dnn_n2.qasm,gate_insertion,0.03,0,0.4,1
2,156,229,0,0,1,0,42,0,58,32,38,2,0,dnn_n2.qasm,gate_insertion,0.03,1,0.41500000000000004,1
2,156,229,0,0,1,0,42,0,58,32,38,2,0,dnn_n2.qasm,gate_insertion,0.03,2,0.43000000000000005,1
2,156,229,0,0,1,0,42,0,58,32,38,2,0,dnn_n2.qasm,gate_insertion,0.04,0,0.4,1
2,156,229,0,0,1,0,42,0,58,32,38,2,0,dnn_n2.qasm,gate_insertion,0.04,1,0.37,1
2,156,229,0,0,1,0,42,0,58,32,38,2,0,dnn_n2.qasm,gate_insertion,0.04,2,0.43999999999999995,1
2,156,229,0,0,1,0,42,0,58,32,38,2,0,dnn_n2.qasm,gate_insertion,0.05,0,0.37,1
2,156,229,0,0,1,0,42,0,58,32,38,2,0,dnn_n2.qasm,gate_insertion,0.05,1,0.4,1
2,156,229,0,0,1,0,42,0,58,32,38,2,0,dnn_n2.qasm,gate_insertion,0.05,2,0.335,1
2,155,228,0,0,1,0,42,0,57,32,38,2,0,dnn_n2.qasm,gate_substitution,0.005,0,0.44999999999999996,1
2,155,228,0,0,1,0,42,0,57,32,38,2,0,dnn_n2.qasm,gate_substitution,0.005,1,0.395,1
2,155,228,0,0,1,0,42,0,57,32,38,2,0,dnn_n2.qasm,gate_substitution,0.005,2,0.47,1
2,155,228,0,0,1,0,42,0,57,32,38,2,0,dnn_n2.qasm,gate_substitution,0.01,0,0.41500000000000004,1
2,155,228,0,0,1,0,42,0,57,32,38,2,0,dnn_n2.qasm,gate_substitution,0.01,1,0.415,1
2,155,228,0,0,1,0,42,0,57,32,38,2,0,dnn_n2.qasm,gate_substitution,0.01,2,0.395,1
2,155,228,0,0,1,0,42,0,57,32,38,2,0,dnn_n2.qasm,gate_substitution,0.02,0,0.385,1
2,155,228,0,0,1,0,42,0,57,32,38,2,0,dnn_n2.qasm,gate_substitution,0.02,1,0.395,1
2,155,228,0,0,1,0,42,0,57,32,38,2,0,dnn_n2.qasm,gate_substitution,0.02,2,0.43500000000000005,1
2,155,228,0,0,1,0,42,0,57,32,38,2,0,dnn_n2.qasm,gate_substitution,0.03,0,0.45999999999999996,1
2,155,228,0,0,1,0,42,0,57,32,38,2,0,dnn_n2.qasm,gate_substitution,0.03,1,0.41000000000000003,1
2,155,228,0,0,1,0,42,0,57,32,38,2,0,dnn_n2.qasm,gate_substitution,0.03,2,0.41000000000000003,1
2,155,228,0,0,1,0,42,0,57,32,38,2,0,dnn_n2.qasm,gate_substitution,0.04,0,0.4,1
2,155,228,0,0,1,0,42,0,57,32,38,2,0,dnn_n2.qasm,gate_substitution,0.04,1,0.42500000000000004,1
2,155,228,0,0,1,0,42,0,57,32,38,2,0,dnn_n2.qasm,gate_substitution,0.04,2,0.405,1
2,155,228,0,0,1,0,42,0,57,32,38,2,0,dnn_n2.qasm,gate_substitution,0.05,0,0.42000000000000004,1
2,155,228,0,0,1,0,42,0,57,32,38,2,0,dnn_n2.qasm,gate_substitution,0.05,1,0.35500000000000004,1
2,155,228,0,0,1,0,42,0,57,32,38,2,0,dnn_n2.qasm,gate_substitution,0.05,2,0.36,1
2,157,231,1,2,0,0,42,0,58,32,38,2,0,dnn_n2.qasm,multiple_gate_insertion,0.005,0,0.475,1
2,157,231,1,2,0,0,42,0,58,32,38,2,0,dnn_n2.qasm,multiple_gate_insertion,0.005,1,0.475,1
2,157,231,1,2,0,0,42,0,58,32,38,2,0,dnn_n2.qasm,multiple_gate_insertion,0.005,2,0.51,1
2,157,231,1,2,0,0,42,0,58,32,38,2,0,dnn_n2.qasm,multiple_gate_insertion,0.01,0,0.405,1
2,157,231,1,2,0,0,42,0,58,32,38,2,0,dnn_n2.qasm,multiple_gate_insertion,0.01,1,0.375,1
2,157,231,1,2,0,0,42,0,58,32,38,2,0,dnn_n2.qasm,multiple_gate_insertion,0.01,2,0.395,1
2,157,231,1,2,0,0,42,0,58,32,38,2,0,dnn_n2.qasm,multiple_gate_insertion,0.02,0,0.36,1
2,157,231,1,2,0,0,42,0,58,32,38,2,0,dnn_n2.qasm,multiple_gate_insertion,0.02,1,0.37,1
2,157,231,1,2,0,0,42,0,58,32,38,2,0,dnn_n2.qasm,multiple_gate_insertion,0.02,2,0.41000000000000003,1
2,157,231,1,2,0,0,42,0,58,32,38,2,0,dnn_n2.qasm,multiple_gate_insertion,0.03,0,0.345,1
2,157,231,1,2,0,0,42,0,58,32,38,2,0,dnn_n2.qasm,multiple_gate_insertion,0.03,1,0.385,1
2,157,231,1,2,0,0,42,0,58,32,38,2,0,dnn_n2.qasm,multiple_gate_insertion,0.03,2,0.35000000000000003,1
2,157,231,1,2,0,0,42,0,58,32,38,2,0,dnn_n2.qasm,multiple_gate_insertion,0.04,0,0.385,1
2,157,231,1,2,0,0,42,0,58,32,38,2,0,dnn_n2.qasm,multiple_gate_insertion,0.04,1,0.39,1
2,157,231,1,2,0,0,42,0,58,32,38,2,0,dnn_n2.qasm,multiple_gate_insertion,0.04,2,0.385,1
2,157,231,1,2,0,0,42,0,58,32,38,2,0,dnn_n2.qasm,multiple_gate_insertion,0.05,0,0.42000000000000004,1
2,157,231,1,2,0,0,42,0,58,32,38,2,0,dnn_n2.qasm,multiple_gate_insertion,0.05,1,0.385,1
2,157,231,1,2,0,0,42,0,58,32,38,2,0,dnn_n2.qasm,multiple_gate_insertion,0.05,2,0.39,1
2,155,228,0,0,0,0,42,0,58,32,38,2,0,dnn_n2.qasm,normal,0.005,0,0.205,0
2,155,228,0,0,0,0,42,0,58,32,38,2,0,dnn_n2.qasm,normal,0.005,1,0.29500000000000004,0
2,155,228,0,0,0,0,42,0,58,32,38,2,0,dnn_n2.qasm,normal,0.005,2,0.265,0
2,155,228,0,0,0,0,42,0,58,32,38,2,0,dnn_n2.qasm,normal,0.01,0,0.38,0
2,155,228,0,0,0,0,42,0,58,32,38,2,0,dnn_n2.qasm,normal,0.01,1,0.395,0
2,155,228,0,0,0,0,42,0,58,32,38,2,0,dnn_n2.qasm,normal,0.01,2,0.305,0
2,155,228,0,0,0,0,42,0,58,32,38,2,0,dnn_n2.qasm,normal,0.02,0,0.345,0
2,155,228,0,0,0,0,42,0,58,32,38,2,0,dnn_n2.qasm,normal,0.02,1,0.38999999999999996,0
2,155,228,0,0,0,0,42,0,58,32,38,2,0,dnn_n2.qasm,normal,0.02,2,0.355,0
2,155,228,0,0,0,0,42,0,58,32,38,2,0,dnn_n2.qasm,normal,0.03,0,0.425,0
2,155,228,0,0,0,0,42,0,58,32,38,2,0,dnn_n2.qasm,normal,0.03,1,0.375,0
2,155,228,0,0,0,0,42,0,58,32,38,2,0,dnn_n2.qasm,normal,0.03,2,0.35500000000000004,0
2,155,228,0,0,0,0,42,0,58,32,38,2,0,dnn_n2.qasm,normal,0.04,0,0.345,0
2,155,228,0,0,0,0,42,0,58,32,38,2,0,dnn_n2.qasm,normal,0.04,1,0.36999999999999994,0
2,155,228,0,0,0,0,42,0,58,32,38,2,0,dnn_n2.qasm,normal,0.04,2,0.405,0
2,155,228,0,0,0,0,42,0,58,32,38,2,0,dnn_n2.qasm,normal,0.05,0,0.39,0
2,155,228,0,0,0,0,42,0,58,32,38,2,0,dnn_n2.qasm,normal,0.05,1,0.44500000000000006,0
2,155,228,0,0,0,0,42,0,58,32,38,2,0,dnn_n2.qasm,normal,0.05,2,0.395,0
8,173,1015,0,0,0,0,192,0,255,144,160,8,0,dnn_n8.qasm,gate_deletion,0.005,0,0.7399999999999997,1
8,173,1015,0,0,0,0,192,0,255,144,160,8,0,dnn_n8.qasm,gate_deletion,0.005,1,0.6849999999999999,1
8,173,1015,0,0,0,0,192,0,255,144,160,8,0,dnn_n8.qasm,gate_deletion,0.005,2,0.7599999999999992,1
8,173,1015,0,0,0,0,192,0,255,144,160,8,0,dnn_n8.qasm,gate_deletion,0.01,0,0.7799999999999988,1
8,173,1015,0,0,0,0,192,0,255,144,160,8,0,dnn_n8.qasm,gate_deletion,0.01,1,0.7999999999999988,1
8,173,1015,0,0,0,0,192,0,255,144,160,8,0,dnn_n8.qasm,gate_deletion,0.01,2,0.7749999999999988,1
8,173,1015,0,0,0,0,192,0,255,144,160,8,0,dnn_n8.qasm,gate_deletion,0.02,0,0.7849999999999988,1
8,173,1015,0,0,0,0,192,0,255,144,160,8,0,dnn_n8.qasm,gate_deletion,0.02,1,0.7599999999999989,1
8,173,1015,0,0,0,0,192,0,255,144,160,8,0,dnn_n8.qasm,gate_deletion,0.02,2,0.8149999999999985,1
8,173,1015,0,0,0,0,192,0,255,144,160,8,0,dnn_n8.qasm,gate_deletion,0.03,0,0.8049999999999986,1
8,173,1015,0,0,0,0,192,0,255,144,160,8,0,dnn_n8.qasm,gate_deletion,0.03,1,0.7799999999999989,1
8,173,1015,0,0,0,0,192,0,255,144,160,8,0,dnn_n8.qasm,gate_deletion,0.03,2,0.7799999999999991,1
8,173,1015,0,0,0,0,192,0,255,144,160,8,0,dnn_n8.qasm,gate_deletion,0.04,0,0.784999999999999,1
8,173,1015,0,0,0,0,192,0,255,144,160,8,0,dnn_n8.qasm,gate_deletion,0.04,1,0.7899999999999989,1
8,173,1015,0,0,0,0,192,0,255,144,160,8,0,dnn_n8.qasm,gate_deletion,0.04,2,0.8199999999999985,1
8,173,1015,0,0,0,0,192,0,255,144,160,8,0,dnn_n8.qasm,gate_deletion,0.05,0,0.7849999999999989,1
8,173,1015,0,0,0,0,192,0,255,144,160,8,0,dnn_n8.qasm,gate_deletion,0.05,1,0.799999999999999,1
8,173,1015,0,0,0,0,192,0,255,144,160,8,0,dnn_n8.qasm,gate_deletion,0.05,2,0.7849999999999994,1
8,174,1017,0,1,0,0,192,0,256,144,160,8,0,dnn_n8.qasm,gate_insertion,0.005,0,0.7649999999999993,1
8,174,1017,0,1,0,0,192,0,256,144,160,8,0,dnn_n8.qasm,gate_insertion,0.005,1,0.6799999999999998,1
8,174,1017,0,1,0,0,192,0,256,144,160,8,0,dnn_n8.qasm,gate_insertion,0.005,2,0.7299999999999994,1
8,174,1017,0,1,0,0,192,0,256,144,160,8,0,dnn_n8.qasm,gate_insertion,0.01,0,0.7899999999999985,1
8,174,1017,0,1,0,0,192,0,256,144,160,8,0,dnn_n8.qasm,gate_insertion,0.01,1,0.7699999999999989,1
8,174,1017,0,1,0,0,192,0,256,144,160,8,0,dnn_n8.qasm,gate_insertion,0.01,2,0.7649999999999989,1
8,174,1017,0,1,0,0,192,0,256,144,160,8,0,dnn_n8.qasm,gate_insertion,0.02,0,0.7599999999999992,1
8,174,1017,0,1,0,0,192,0,256,144,160,8,0,dnn_n8.qasm,gate_insertion,0.02,1,0.774999999999999,1
8,174,1017,0,1,0,0,192,0,256,144,160,8,0,dnn_n8.qasm,gate_insertion,0.02,2,0.754999999999999,1
8,174,1017,0,1,0,0,192,0,256,144,160,8,0,dnn_n8.qasm,gate_insertion,0.03,0,0.7899999999999987,1
8,174,1017,0,1,0,0,192,0,256,144,160,8,0,dnn_n8.qasm,gate_insertion,0.03,1,0.7299999999999993,1
8,174,1017,0,1,0,0,192,0,256,144,160,8,0,dnn_n8.qasm,gate_insertion,0.03,2,0.7699999999999991,1
8,174,1017,0,1,0,0,192,0,256,144,160,8,0,dnn_n8.qasm,gate_insertion,0.04,0,0.7449999999999994,1
8,174,1017,0,1,0,0,192,0,256,144,160,8,0,dnn_n8.qasm,gate_insertion,0.04,1,0.7949999999999989,1
8,174,1017,0,1,0,0,192,0,256,144,160,8,0,dnn_n8.qasm,gate_insertion,0.04,2,0.7499999999999994,1
8,174,1017,0,1,0,0,192,0,256,144,160,8,0,dnn_n8.qasm,gate_insertion,0.05,0,0.7899999999999989,1
8,174,1017,0,1,0,0,192,0,256,144,160,8,0,dnn_n8.qasm,gate_insertion,0.05,1,0.7449999999999992,1
8,174,1017,0,1,0,0,192,0,256,144,160,8,0,dnn_n8.qasm,gate_insertion,0.05,2,0.7249999999999994,1
8,173,1016,0,0,0,1,192,0,255,144,160,8,0,dnn_n8.qasm,gate_substitution,0.005,0,0.7899999999999989,1
8,173,1016,0,0,0,1,192,0,255,144,160,8,0,dnn_n8.qasm,gate_substitution,0.005,1,0.7399999999999994,1
8,173,1016,0,0,0,1,192,0,255,144,160,8,0,dnn_n8.qasm,gate_substitution,0.005,2,0.7099999999999993,1
8,173,1016,0,0,0,1,192,0,255,144,160,8,0,dnn_n8.qasm,gate_substitution,0.01,0,0.7399999999999994,1
8,173,1016,0,0,0,1,192,0,255,144,160,8,0,dnn_n8.qasm,gate_substitution,0.01,1,0.7699999999999987,1
8,173,1016,0,0,0,1,192,0,255,144,160,8,0,dnn_n8.qasm,gate_substitution,0.01,2,0.8099999999999988,1
8,173,1016,0,0,0,1,192,0,255,144,160,8,0,dnn_n8.qasm,gate_substitution,0.02,0,0.7849999999999987,1
8,173,1016,0,0,0,1,192,0,255,144,160,8,0,dnn_n8.qasm,gate_substitution,0.02,1,0.8149999999999988,1
8,173,1016,0,0,0,1,192,0,255,144,160,8,0,dnn_n8.qasm,gate_substitution,0.02,2,0.7699999999999991,1
8,173,1016,0,0,0,1,192,0,255,144,160,8,0,dnn_n8.qasm,gate_substitution,0.03,0,0.7949999999999992,1
8,173,1016,0,0,0,1,192,0,255,144,160,8,0,dnn_n8.qasm,gate_substitution,0.03,1,0.7599999999999992,1
8,173,1016,0,0,0,1,192,0,255,144,160,8,0,dnn_n8.qasm,gate_substitution,0.03,2,0.7299999999999993,1
8,173,1016,0,0,0,1,192,0,255,144,160,8,0,dnn_n8.qasm,gate_substitution,0.04,0,0.7499999999999988,1
8,173,1016,0,0,0,1,192,0,255,144,160,8,0,dnn_n8.qasm,gate_substitution,0.04,1,0.7599999999999993,1
8,173,1016,0,0,0,1,192,0,255,144,160,8,0,dnn_n8.qasm,gate_substitution,0.04,2,0.7849999999999988,1
8,173,1016,0,0,0,1,192,0,255,144,160,8,0,dnn_n8.qasm,gate_substitution,0.05,0,0.7949999999999985,1
8,173,1016,0,0,0,1,192,0,255,144,160,8,0,dnn_n8.qasm,gate_substitution,0.05,1,0.8199999999999986,1
8,173,1016,0,0,0,1,192,0,255,144,160,8,0,dnn_n8.qasm,gate_substitution,0.05,2,0.7599999999999992,1
8,174,1018,2,0,0,0,192,0,256,144,160,8,0,dnn_n8.qasm,multiple_gate_insertion,0.005,0,0.7299999999999994,1
8,174,1018,2,0,0,0,192,0,256,144,160,8,0,dnn_n8.qasm,multiple_gate_insertion,0.005,1,0.7449999999999992,1
8,174,1018,2,0,0,0,192,0,256,144,160,8,0,dnn_n8.qasm,multiple_gate_insertion,0.005,2,0.6949999999999998,1
8,174,1018,2,0,0,0,192,0,256,144,160,8,0,dnn_n8.qasm,multiple_gate_insertion,0.01,0,0.774999999999999,1
8,174,1018,2,0,0,0,192,0,256,144,160,8,0,dnn_n8.qasm,multiple_gate_insertion,0.01,1,0.774999999999999,1
8,174,1018,2,0,0,0,192,0,256,144,160,8,0,dnn_n8.qasm,multiple_gate_insertion,0.01,2,0.7249999999999994,1
8,174,1018,2,0,0,0,192,0,256,144,160,8,0,dnn_n8.qasm,multiple_gate_insertion,0.02,0,0.829999999999999,1
8,174,1018,2,0,0,0,192,0,256,144,160,8,0,dnn_n8.qasm,multiple_gate_insertion,0.02,1,0.764999999999999,1
8,174,1018,2,0,0,0,192,0,256,144,160,8,0,dnn_n8.qasm,multiple_gate_insertion,0.02,2,0.8099999999999989,1
8,174,1018,2,0,0,0,192,0,256,144,160,8,0,dnn_n8.qasm,multiple_gate_insertion,0.03,0,0.784999999999999,1
8,174,1018,2,0,0,0,192,0,256,144,160,8,0,dnn_n8.qasm,multiple_gate_insertion,0.03,1,0.7649999999999991,1
8,174,1018,2,0,0,0,192,0,256,144,160,8,0,dnn_n8.qasm,multiple_gate_insertion,0.03,2,0.7999999999999987,1
8,174,1018,2,0,0,0,192,0,256,144,160,8,0,dnn_n8.qasm,multiple_gate_insertion,0.04,0,0.814999999999999,1
8,174,1018,2,0,0,0,192,0,256,144,160,8,0,dnn_n8.qasm,multiple_gate_insertion,0.04,1,0.769999999999999,1
8,174,1018,2,0,0,0,192,0,256,144,160,8,0,dnn_n8.qasm,multiple_gate_insertion,0.04,2,0.7749999999999992,1
8,174,1018,2,0,0,0,192,0,256,144,160,8,0,dnn_n8.qasm,multiple_gate_insertion,0.05,0,0.7649999999999989,1
8,174,1018,2,0,0,0,192,0,256,144,160,8,0,dnn_n8.qasm,multiple_gate_insertion,0.05,1,0.7749999999999988,1
8,174,1018,2,0,0,0,192,0,256,144,160,8,0,dnn_n8.qasm,multiple_gate_insertion,0.05,2,0.7899999999999991,1
8,173,1016,0,0,0,0,192,0,256,144,160,8,0,dnn_n8.qasm,normal,0.005,0,0.6999999999999995,0
8,173,1016,0,0,0,0,192,0,256,144,160,8,0,dnn_n8.qasm,normal,0.005,1,0.6749999999999997,0
8,173,1016,0,0,0,0,192,0,256,144,160,8,0,dnn_n8.qasm,normal,0.005,2,0.6949999999999993,0
8,173,1016,0,0,0,0,192,0,256,144,160,8,0,dnn_n8.qasm,normal,0.01,0,0.7599999999999993,0
8,173,1016,0,0,0,0,192,0,256,144,160,8,0,dnn_n8.qasm,normal,0.01,1,0.7399999999999997,0
8,173,1016,0,0,0,0,192,0,256,144,160,8,0,dnn_n8.qasm,normal,0.01,2,0.7299999999999994,0
8,173,1016,0,0,0,0,192,0,256,144,160,8,0,dnn_n8.qasm,normal,0.02,0,0.7799999999999991,0
8,173,1016,0,0,0,0,192,0,256,144,160,8,0,dnn_n8.qasm,normal,0.02,1,0.7899999999999991,0
8,173,1016,0,0,0,0,192,0,256,144,160,8,0,dnn_n8.qasm,normal,0.02,2,0.7799999999999988,0
8,173,1016,0,0,0,0,192,0,256,144,160,8,0,dnn_n8.qasm,normal,0.03,0,0.7799999999999991,0
8,173,1016,0,0,0,0,192,0,256,144,160,8,0,dnn_n8.qasm,normal,0.03,1,0.7449999999999993,0
8,173,1016,0,0,0,0,192,0,256,144,160,8,0,dnn_n8.qasm,normal,0.03,2,0.8099999999999986,0
8,173,1016,0,0,0,0,192,0,256,144,160,8,0,dnn_n8.qasm,normal,0.04,0,0.7799999999999992,0
8,173,1016,0,0,0,0,192,0,256,144,160,8,0,dnn_n8.qasm,normal,0.04,1,0.7549999999999993,0
8,173,1016,0,0,0,0,192,0,256,144,160,8,0,dnn_n8.qasm,normal,0.04,2,0.7499999999999994,0
8,173,1016,0,0,0,0,192,0,256,144,160,8,0,dnn_n8.qasm,normal,0.05,0,0.7899999999999987,0
8,173,1016,0,0,0,0,192,0,256,144,160,8,0,dnn_n8.qasm,normal,0.05,1,0.7649999999999991,0
8,173,1016,0,0,0,0,192,0,256,144,160,8,0,dnn_n8.qasm,normal,0.05,2,0.759999999999999,0
5,77,118,62,0,0,0,48,0,0,0,0,5,0,error_correctiond3_n5.qasm,gate_deletion,0.005,0,0.3200000000000001,1
5,77,118,62,0,0,0,48,0,0,0,0,5,0,error_correctiond3_n5.qasm,gate_deletion,0.005,1,0.24500000000000005,1
5,77,118,62,0,0,0,48,0,0,0,0,5,0,error_correctiond3_n5.qasm,gate_deletion,0.005,2,0.29000000000000015,1
5,77,118,62,0,0,0,48,0,0,0,0,5,0,error_correctiond3_n5.qasm,gate_deletion,0.01,0,0.31500000000000017,1
5,77,118,62,0,0,0,48,0,0,0,0,5,0,error_correctiond3_n5.qasm,gate_deletion,0.01,1,0.45000000000000023,1
5,77,118,62,0,0,0,48,0,0,0,0,5,0,error_correctiond3_n5.qasm,gate_deletion,0.01,2,0.3450000000000001,1
5,77,118,62,0,0,0,48,0,0,0,0,5,0,error_correctiond3_n5.qasm,gate_deletion,0.02,0,0.48500000000000026,1
5,77,118,62,0,0,0,48,0,0,0,0,5,0,error_correctiond3_n5.qasm,gate_deletion,0.02,1,0.4750000000000002,1
5,77,118,62,0,0,0,48,0,0,0,0,5,0,error_correctiond3_n5.qasm,gate_deletion,0.02,2,0.4700000000000003,1
5,77,118,62,0,0,0,48,0,0,0,0,5,0,error_correctiond3_n5.qasm,gate_deletion,0.03,0,0.4500000000000002,1
5,77,118,62,0,0,0,48,0,0,0,0,5,0,error_correctiond3_n5.qasm,gate_deletion,0.03,1,0.48500000000000026,1
5,77,118,62,0,0,0,48,0,0,0,0,5,0,error_correctiond3_n5.qasm,gate_deletion,0.03,2,0.56,1
5,77,118,62,0,0,0,48,0,0,0,0,5,0,error_correctiond3_n5.qasm,gate_deletion,0.04,0,0.5250000000000001,1
5,77,118,62,0,0,0,48,0,0,0,0,5,0,error_correctiond3_n5.qasm,gate_deletion,0.04,1,0.4800000000000002,1
5,77,118,62,0,0,0,48,0,0,0,0,5,0,error_correctiond3_n5.qasm,gate_deletion,0.04,2,0.5200000000000001,1
5,77,118,62,0,0,0,48,0,0,0,0,5,0,error_correctiond3_n5.qasm,gate_deletion,0.05,0,0.5050000000000001,1
5,77,118,62,0,0,0,48,0,0,0,0,5,0,error_correctiond3_n5.qasm,gate_deletion,0.05,1,0.48500000000000026,1
5,77,118,62,0,0,0,48,0,0,0,0,5,0,error_correctiond3_n5.qasm,gate_deletion,0.05,2,0.5100000000000001,1
5,78,120,62,0,0,1,49,0,0,0,0,5,0,error_correctiond3_n5.qasm,gate_insertion,0.005,0,0.20500000000000002,1
5,78,120,62,0,0,1,49,0,0,0,0,5,0,error_correctiond3_n5.qasm,gate_insertion,0.005,1,0.31500000000000017,1
5,78,120,62,0,0,1,49,0,0,0,0,5,0,error_correctiond3_n5.qasm,gate_insertion,0.005,2,0.2950000000000001,1
5,78,120,62,0,0,1,49,0,0,0,0,5,0,error_correctiond3_n5.qasm,gate_insertion,0.01,0,0.3950000000000002,1
5,78,120,62,0,0,1,49,0,0,0,0,5,0,error_correctiond3_n5.qasm,gate_insertion,0.01,1,0.38000000000000017,1
5,78,120,62,0,0,1,49,0,0,0,0,5,0,error_correctiond3_n5.qasm,gate_insertion,0.01,2,0.3850000000000002,1
5,78,120,62,0,0,1,49,0,0,0,0,5,0,error_correctiond3_n5.qasm,gate_insertion,0.02,0,0.4950000000000002,1
5,78,120,62,0,0,1,49,0,0,0,0,5,0,error_correctiond3_n5.qasm,gate_insertion,0.02,1,0.4500000000000002,1
5,78,120,62,0,0,1,49,0,0,0,0,5,0,error_correctiond3_n5.qasm,gate_insertion,0.02,2,0.4650000000000002,1
5,78,120,62,0,0,1,49,0,0,0,0,5,0,error_correctiond3_n5.qasm,gate_insertion,0.03,0,0.5550000000000002,1
5,78,120,62,0,0,1,49,0,0,0,0,5,0,error_correctiond3_n5.qasm,gate_insertion,0.03,1,0.5050000000000001,1
5,78,120,62,0,0,1,49,0,0,0,0,5,0,error_correctiond3_n5.qasm,gate_insertion,0.03,2,0.5250000000000001,1
5,78,120,62,0,0,1,49,0,0,0,0,5,0,error_correctiond3_n5.qasm,gate_insertion,0.04,0,0.4850000000000002,1
5,78,120,62,0,0,1,49,0,0,0,0,5,0,error_correctiond3_n5.qasm,gate_insertion,0.04,1,0.5250000000000002,1
5,78,120,62,0,0,1,49,0,0,0,0,5,0,error_correctiond3_n5.qasm,gate_insertion,0.04,2,0.5750000000000002,1
5,78,120,62,0,0,1,49,0,0,0,0,5,0,error_correctiond3_n5.qasm,gate_insertion,0.05,0,0.5000000000000002,1
5,78,120,62,0,0,1,49,0,0,0,0,5,0,error_correctiond3_n5.qasm,gate_insertion,0.05,1,0.5200000000000001,1
5,78,120,62,0,0,1,49,0,0,0,0,5,0,error_correctiond3_n5.qasm,gate_insertion,0.05,2,0.4950000000000002,1
5,78,119,61,0,0,1,49,0,0,0,0,5,0,error_correctiond3_n5.qasm,gate_substitution,0.005,0,0.4850000000000002,1
5,78,119,61,0,0,1,49,0,0,0,0,5,0,error_correctiond3_n5.qasm,gate_substitution,0.005,1,0.5150000000000001,1
5,78,119,61,0,0,1,49,0,0,0,0,5,0,error_correctiond3_n5.qasm,gate_substitution,0.005,2,0.5450000000000002,1
5,78,119,61,0,0,1,49,0,0,0,0,5,0,error_correctiond3_n5.qasm,gate_substitution,0.01,0,0.5250000000000002,1
5,78,119,61,0,0,1,49,0,0,0,0,5,0,error_correctiond3_n5.qasm,gate_substitution,0.01,1,0.5050000000000002,1
5,78,119,61,0,0,1,49,0,0,0,0,5,0,error_correctiond3_n5.qasm,gate_substitution,0.01,2,0.5650000000000002,1
5,78,119,61,0,0,1,49,0,0,0,0,5,0,error_correctiond3_n5.qasm,gate_substitution,0.02,0,0.5250000000000001,1
5,78,119,61,0,0,1,49,0,0,0,0,5,0,error_correctiond3_n5.qasm,gate_substitution,0.02,1,0.5750000000000002,1
5,78,119,61,0,0,1,49,0,0,0,0,5,0,error_correctiond3_n5.qasm,gate_substitution,0.02,2,0.5000000000000002,1
5,78,119,61,0,0,1,49,0,0,0,0,5,0,error_correctiond3_n5.qasm,gate_substitution,0.03,0,0.5450000000000003,1
5,78,119,61,0,0,1,49,0,0,0,0,5,0,error_correctiond3_n5.qasm,gate_substitution,0.03,1,0.5650000000000001,1
5,78,119,61,0,0,1,49,0,0,0,0,5,0,error_correctiond3_n5.qasm,gate_substitution,0.03,2,0.4700000000000002,1
5,78,119,61,0,0,1,49,0,0,0,0,5,0,error_correctiond3_n5.qasm,gate_substitution,0.04,0,0.4500000000000002,1
5,78,119,61,0,0,1,49,0,0,0,0,5,0,error_correctiond3_n5.qasm,gate_substitution,0.04,1,0.5400000000000001,1
5,78,119,61,0,0,1,49,0,0,0,0,5,0,error_correctiond3_n5.qasm,gate_substitution,0.04,2,0.48500000000000026,1
5,78,119,61,0,0,1,49,0,0,0,0,5,0,error_correctiond3_n5.qasm,gate_substitution,0.05,0,0.5250000000000001,1
5,78,119,61,0,0,1,49,0,0,0,0,5,0,error_correctiond3_n5.qasm,gate_substitution,0.05,1,0.4750000000000002,1
5,78,119,61,0,0,1,49,0,0,0,0,5,0,error_correctiond3_n5.qasm,gate_substitution,0.05,2,0.4900000000000002,1
5,79,122,64,0,1,0,49,0,0,0,0,5,0,error_correctiond3_n5.qasm,multiple_gate_insertion,0.005,0,0.5500000000000002,1
5,79,122,64,0,1,0,49,0,0,0,0,5,0,error_correctiond3_n5.qasm,multiple_gate_insertion,0.005,1,0.5000000000000001,1
5,79,122,64,0,1,0,49,0,0,0,0,5,0,error_correctiond3_n5.qasm,multiple_gate_insertion,0.005,2,0.5950000000000002,1
5,79,122,64,0,1,0,49,0,0,0,0,5,0,error_correctiond3_n5.qasm,multiple_gate_insertion,0.01,0,0.545,1
5,79,122,64,0,1,0,49,0,0,0,0,5,0,error_correctiond3_n5.qasm,multiple_gate_insertion,0.01,1,0.5200000000000002,1
5,79,122,64,0,1,0,49,0,0,0,0,5,0,error_correctiond3_n5.qasm,multiple_gate_insertion,0.01,2,0.5350000000000001,1
5,79,122,64,0,1,0,49,0,0,0,0,5,0,error_correctiond3_n5.qasm,multiple_gate_insertion,0.02,0,0.5000000000000002,1
5,79,122,64,0,1,0,49,0,0,0,0,5,0,error_correctiond3_n5.qasm,multiple_gate_insertion,0.02,1,0.5050000000000001,1
5,79,122,64,0,1,0,49,0,0,0,0,5,0,error_correctiond3_n5.qasm,multiple_gate_insertion,0.02,2,0.5000000000000001,1
5,79,122,64,0,1,0,49,0,0,0,0,5,0,error_correctiond3_n5.qasm,multiple_gate_insertion,0.03,0,0.5000000000000002,1
5,79,122,64,0,1,0,49,0,0,0,0,5,0,error_correctiond3_n5.qasm,multiple_gate_insertion,0.03,1,0.5100000000000002,1
5,79,122,64,0,1,0,49,0,0,0,0,5,0,error_correctiond3_n5.qasm,multiple_gate_insertion,0.03,2,0.5450000000000002,1
5,79,122,64,0,1,0,49,0,0,0,0,5,0,error_correctiond3_n5.qasm,multiple_gate_insertion,0.04,0,0.5450000000000002,1
5,79,122,64,0,1,0,49,0,0,0,0,5,0,error_correctiond3_n5.qasm,multiple_gate_insertion,0.04,1,0.48500000000000015,1
5,79,122,64,0,1,0,49,0,0,0,0,5,0,error_correctiond3_n5.qasm,multiple_gate_insertion,0.04,2,0.5150000000000002,1
5,79,122,64,0,1,0,49,0,0,0,0,5,0,error_correctiond3_n5.qasm,multiple_gate_insertion,0.05,0,0.5700000000000002,1
5,79,122,64,0,1,0,49,0,0,0,0,5,0,error_correctiond3_n5.qasm,multiple_gate_insertion,0.05,1,0.5100000000000001,1
5,79,122,64,0,1,0,49,0,0,0,0,5,0,error_correctiond3_n5.qasm,multiple_gate_insertion,0.05,2,0.5000000000000001,1
5,78,119,62,0,0,0,49,0,0,0,0,5,0,error_correctiond3_n5.qasm,normal,0.005,0,0.33500000000000013,0
5,78,119,62,0,0,0,49,0,0,0,0,5,0,error_correctiond3_n5.qasm,normal,0.005,1,0.2800000000000001,0
5,78,119,62,0,0,0,49,0,0,0,0,5,0,error_correctiond3_n5.qasm,normal,0.005,2,0.25500000000000006,0
5,78,119,62,0,0,0,49,0,0,0,0,5,0,error_correctiond3_n5.qasm,normal,0.01,0,0.4200000000000002,0
5,78,119,62,0,0,0,49,0,0,0,0,5,0,error_correctiond3_n5.qasm,normal,0.01,1,0.3800000000000001,0
5,78,119,62,0,0,0,49,0,0,0,0,5,0,error_correctiond3_n5.qasm,normal,0.01,2,0.4850000000000002,0
5,78,119,62,0,0,0,49,0,0,0,0,5,0,error_correctiond3_n5.qasm,normal,0.02,0,0.5150000000000003,0
5,78,119,62,0,0,0,49,0,0,0,0,5,0,error_correctiond3_n5.qasm,normal,0.02,1,0.4600000000000002,0
5,78,119,62,0,0,0,49,0,0,0,0,5,0,error_correctiond3_n5.qasm,normal,0.02,2,0.4900000000000002,0
5,78,119,62,0,0,0,49,0,0,0,0,5,0,error_correctiond3_n5.qasm,normal,0.03,0,0.5350000000000001,0
5,78,119,62,0,0,0,49,0,0,0,0,5,0,error_correctiond3_n5.qasm,normal,0.03,1,0.49000000000000027,0
5,78,119,62,0,0,0,49,0,0,0,0,5,0,error_correctiond3_n5.qasm,normal,0.03,2,0.5750000000000003,0
5,78,119,62,0,0,0,49,0,0,0,0,5,0,error_correctiond3_n5.qasm,normal,0.04,0,0.5100000000000002,0
5,78,119,62,0,0,0,49,0,0,0,0,5,0,error_correctiond3_n5.qasm,normal,0.04,1,0.5150000000000002,0
5,78,119,62,0,0,0,49,0,0,0,0,5,0,error_correctiond3_n5.qasm,normal,0.04,2,0.5400000000000001,0
5,78,119,62,0,0,0,49,0,0,0,0,5,0,error_correctiond3_n5.qasm,normal,0.05,0,0.5450000000000003,0
5,78,119,62,0,0,0,49,0,0,0,0,5,0,error_correctiond3_n5.qasm,normal,0.05,1,0.5800000000000003,0
5,78,119,62,0,0,0,49,0,0,0,0,5,0,error_correctiond3_n5.qasm,normal,0.05,2,0.4350000000000002,0
3,12,21,1,2,0,0,8,0,0,0,0,3,0,fredkin_n3.qasm,gate_deletion,0.005,0,0.5349999999999998,1
3,12,21,1,2,0,0,8,0,0,0,0,3,0,fredkin_n3.qasm,gate_deletion,0.005,1,0.47500000000000003,1
3,12,21,1,2,0,0,8,0,0,0,0,3,0,fredkin_n3.qasm,gate_deletion,0.005,2,0.53,1
3,12,21,1,2,0,0,8,0,0,0,0,3,0,fredkin_n3.qasm,gate_deletion,0.01,0,0.5549999999999999,1
3,12,21,1,2,0,0,8,0,0,0,0,3,0,fredkin_n3.qasm,gate_deletion,0.01,1,0.5099999999999999,1
3,12,21,1,2,0,0,8,0,0,0,0,3,0,fredkin_n3.qasm,gate_deletion,0.01,2,0.5049999999999999,1
3,12,21,1,2,0,0,8,0,0,0,0,3,0,fredkin_n3.qasm,gate_deletion,0.02,0,0.6,1
3,12,21,1,2,0,0,8,0,0,0,0,3,0,fredkin_n3.qasm,gate_deletion,0.02,1,0.5949999999999999,1
3,12,21,1,2,0,0,8,0,0,0,0,3,0,fredkin_n3.qasm,gate_deletion,0.02,2,0.595,1
3,12,21,1,2,0,0,8,0,0,0,0,3,0,fredkin_n3.qasm,gate_deletion,0.03,0,0.685,1
3,12,21,1,2,0,0,8,0,0,0,0,3,0,fredkin_n3.qasm,gate_deletion,0.03,1,0.6400000000000001,1
3,12,21,1,2,0,0,8,0,0,0,0,3,0,fredkin_n3.qasm,gate_deletion,0.03,2,0.6699999999999999,1
3,12,21,1,2,0,0,8,0,0,0,0,3,0,fredkin_n3.qasm,gate_deletion,0.04,0,0.685,1
3,12,21,1,2,0,0,8,0,0,0,0,3,0,fredkin_n3.qasm,gate_deletion,0.04,1,0.7050000000000001,1
3,12,21,1,2,0,0,8,0,0,0,0,3,0,fredkin_n3.qasm,gate_deletion,0.04,2,0.73,1
3,12,21,1,2,0,0,8,0,0,0,0,3,0,fredkin_n3.qasm,gate_deletion,0.05,0,0.725,1
3,12,21,1,2,0,0,8,0,0,0,0,3,0,fredkin_n3.qasm,gate_deletion,0.05,1,0.72,1
3,12,21,1,2,0,0,8,0,0,0,0,3,0,fredkin_n3.qasm,gate_deletion,0.05,2,0.6350000000000001,1
3,12,23,2,3,0,0,8,0,0,0,0,3,0,fredkin_n3.qasm,gate_insertion,0.005,0,0.995,1
3,12,23,2,3,0,0,8,0,0,0,0,3,0,fredkin_n3.qasm,gate_insertion,0.005,1,1.0,1
3,12,23,2,3,0,0,8,0,0,0,0,3,0,fredkin_n3.qasm,gate_insertion,0.005,2,0.9900000000000001,1
3,12,23,2,3,0,0,8,0,0,0,0,3,0,fredkin_n3.qasm,gate_insertion,0.01,0,0.9849999999999999,1
3,12,23,2,3,0,0,8,0,0,0,0,3,0,fredkin_n3.qasm,gate_insertion,0.01,1,0.98,1
3,12,23,2,3,0,0,8,0,0,0,0,3,0,fredkin_n3.qasm,gate_insertion,0.01,2,0.9999999999999999,1
3,12,23,2,3,0,0,8,0,0,0,0,3,0,fredkin_n3.qasm,gate_insertion,0.02,0,0.9649999999999999,1
3,12,23,2,3,0,0,8,0,0,0,0,3,0,fredkin_n3.qasm,gate_insertion,0.02,1,0.96,1
3,12,23,2,3,0,0,8,0,0,0,0,3,0,fredkin_n3.qasm,gate_insertion,0.02,2,0.9699999999999999,1
3,12,23,2,3,0,0,8,0,0,0,0,3,0,fredkin_n3.qasm,gate_insertion,0.03,0,0.935,1
3,12,23,2,3,0,0,8,0,0,0,0,3,0,fredkin_n3.qasm,gate_insertion,0.03,1,0.985,1
3,12,23,2,3,0,0,8,0,0,0,0,3,0,fredkin_n3.qasm,gate_insertion,0.03,2,0.9649999999999999,1
3,12,23,2,3,0,0,8,0,0,0,0,3,0,fredkin_n3.qasm,gate_insertion,0.04,0,0.96,1
3,12,23,2,3,0,0,8,0,0,0,0,3,0,fredkin_n3.qasm,gate_insertion,0.04,1,0.945,1
3,12,23,2,3,0,0,8,0,0,0,0,3,0,fredkin_n3.qasm,gate_insertion,0.04,2,0.94,1
3,12,23,2,3,0,0,8,0,0,0,0,3,0,fredkin_n3.qasm,gate_insertion,0.05,0,0.9400000000000001,1
3,12,23,2,3,0,0,8,0,0,0,0,3,0,fredkin_n3.qasm,gate_insertion,0.05,1,0.95,1
3,12,23,2,3,0,0,8,0,0,0,0,3,0,fredkin_n3.qasm,gate_insertion,0.05,2,0.95,1
3,12,22,1,3,0,0,8,0,0,0,0,3,0,fredkin_n3.qasm,gate_substitution,0.005,0,0.5700000000000001,1
3,12,22,1,3,0,0,8,0,0,0,0,3,0,fredkin_n3.qasm,gate_substitution,0.005,1,0.5399999999999999,1
3,12,22,1,3,0,0,8,0,0,0,0,3,0,fredkin_n3.qasm,gate_substitution,0.005,2,0.5249999999999999,1
3,12,22,1,3,0,0,8,0,0,0,0,3,0,fredkin_n3.qasm,gate_substitution,0.01,0,0.585,1
3,12,22,1,3,0,0,8,0,0,0,0,3,0,fredkin_n3.qasm,gate_substitution,0.01,1,0.52,1
3,12,22,1,3,0,0,8,0,0,0,0,3,0,fredkin_n3.qasm,gate_substitution,0.01,2,0.61,1
3,12,22,1,3,0,0,8,0,0,0,0,3,0,fredkin_n3.qasm,gate_substitution,0.02,0,0.5900000000000001,1
3,12,22,1,3,0,0,8,0,0,0,0,3,0,fredkin_n3.qasm,gate_substitution,0.02,1,0.6299999999999999,1
3,12,22,1,3,0,0,8,0,0,0,0,3,0,fredkin_n3.qasm,gate_substitution,0.02,2,0.6,1
3,12,22,1,3,0,0,8,0,0,0,0,3,0,fredkin_n3.qasm,gate_substitution,0.03,0,0.685,1
3,12,22,1,3,0,0,8,0,0,0,0,3,0,fredkin_n3.qasm,gate_substitution,0.03,1,0.6400000000000001,1
3,12,22,1,3,0,0,8,0,0,0,0,3,0,fredkin_n3.qasm,gate_substitution,0.03,2,0.6400000000000001,1
3,12,22,1,3,0,0,8,0,0,0,0,3,0,fredkin_n3.qasm,gate_substitution,0.04,0,0.67,1
3,12,22,1,3,0,0,8,0,0,0,0,3,0,fredkin_n3.qasm,gate_substitution,0.04,1,0.6649999999999999,1
3,12,22,1,3,0,0,8,0,0,0,0,3,0,fredkin_n3.qasm,gate_substitution,0.04,2,0.6599999999999999,1
3,12,22,1,3,0,0,8,0,0,0,0,3,0,fredkin_n3.qasm,gate_substitution,0.05,0,0.6749999999999999,1
3,12,22,1,3,0,0,8,0,0,0,0,3,0,fredkin_n3.qasm,gate_substitution,0.05,1,0.68,1
3,12,22,1,3,0,0,8,0,0,0,0,3,0,fredkin_n3.qasm,gate_substitution,0.05,2,0.7449999999999999,1
3,14,25,4,3,0,0,8,0,0,0,0,3,0,fredkin_n3.qasm,multiple_gate_insertion,0.005,0,0.9799999999999999,1
3,14,25,4,3,0,0,8,0,0,0,0,3,0,fredkin_n3.qasm,multiple_gate_insertion,0.005,1,0.9849999999999999,1
3,14,25,4,3,0,0,8,0,0,0,0,3,0,fredkin_n3.qasm,multiple_gate_insertion,0.005,2,0.9800000000000001,1
3,14,25,4,3,0,0,8,0,0,0,0,3,0,fredkin_n3.qasm,multiple_gate_insertion,0.01,0,0.965,1
3,14,25,4,3,0,0,8,0,0,0,0,3,0,fredkin_n3.qasm,multiple_gate_insertion,0.01,1,0.975,1
3,14,25,4,3,0,0,8,0,0,0,0,3,0,fredkin_n3.qasm,multiple_gate_insertion,0.01,2,0.995,1
3,14,25,4,3,0,0,8,0,0,0,0,3,0,fredkin_n3.qasm,multiple_gate_insertion,0.02,0,0.96,1
3,14,25,4,3,0,0,8,0,0,0,0,3,0,fredkin_n3.qasm,multiple_gate_insertion,0.02,1,0.8949999999999999,1
3,14,25,4,3,0,0,8,0,0,0,0,3,0,fredkin_n3.qasm,multiple_gate_insertion,0.02,2,0.915,1
3,14,25,4,3,0,0,8,0,0,0,0,3,0,fredkin_n3.qasm,multiple_gate_insertion,0.03,0,0.9299999999999999,1
3,14,25,4,3,0,0,8,0,0,0,0,3,0,fredkin_n3.qasm,multiple_gate_insertion,0.03,1,0.9,1
3,14,25,4,3,0,0,8,0,0,0,0,3,0,fredkin_n3.qasm,multiple_gate_insertion,0.03,2,0.935,1
3,14,25,4,3,0,0,8,0,0,0,0,3,0,fredkin_n3.qasm,multiple_gate_insertion,0.04,0,0.9050000000000001,1
3,14,25,4,3,0,0,8,0,0,0,0,3,0,fredkin_n3.qasm,multiple_gate_insertion,0.04,1,0.905,1
3,14,25,4,3,0,0,8,0,0,0,0,3,0,fredkin_n3.qasm,multiple_gate_insertion,0.04,2,0.93,1
3,14,25,4,3,0,0,8,0,0,0,0,3,0,fredkin_n3.qasm,multiple_gate_insertion,0.05,0,0.8999999999999999,1
3,14,25,4,3,0,0,8,0,0,0,0,3,0,fredkin_n3.qasm,multiple_gate_insertion,0.05,1,0.8899999999999999,1
3,14,25,4,3,0,0,8,0,0,0,0,3,0,fredkin_n3.qasm,multiple_gate_insertion,0.05,2,0.8950000000000001,1
3,12,22,2,2,0,0,8,0,0,0,0,3,0,fredkin_n3.qasm,normal,0.005,0,0.07999999999999997,0
3,12,22,2,2,0,0,8,0,0,0,0,3,0,fredkin_n3.qasm,normal,0.005,1,0.06999999999999998,0
3,12,22,2,2,0,0,8,0,0,0,0,3,0,fredkin_n3.qasm,normal,0.005,2,0.040000000000000015,0
3,12,22,2,2,0,0,8,0,0,0,0,3,0,fredkin_n3.qasm,normal,0.01,0,0.15,0
3,12,22,2,2,0,0,8,0,0,0,0,3,0,fredkin_n3.qasm,normal,0.01,1,0.135,0
3,12,22,2,2,0,0,8,0,0,0,0,3,0,fredkin_n3.qasm,normal,0.01,2,0.15500000000000003,0
3,12,22,2,2,0,0,8,0,0,0,0,3,0,fredkin_n3.qasm,normal,0.02,0,0.23999999999999996,0
3,12,22,2,2,0,0,8,0,0,0,0,3,0,fredkin_n3.qasm,normal,0.02,1,0.18999999999999997,0
3,12,22,2,2,0,0,8,0,0,0,0,3,0,fredkin_n3.qasm,normal,0.02,2,0.24999999999999997,0
3,12,22,2,2,0,0,8,0,0,0,0,3,0,fredkin_n3.qasm,normal,0.03,0,0.375,0
3,12,22,2,2,0,0,8,0,0,0,0,3,0,fredkin_n3.qasm,normal,0.03,1,0.38,0
3,12,22,2,2,0,0,8,0,0,0,0,3,0,fredkin_n3.qasm,normal,0.03,2,0.35,0
3,12,22,2,2,0,0,8,0,0,0,0,3,0,fredkin_n3.qasm,normal,0.04,0,0.425,0
3,12,22,2,2,0,0,8,0,0,0,0,3,0,fredkin_n3.qasm,normal,0.04,1,0.44,0
3,12,22,2,2,0,0,8,0,0,0,0,3,0,fredkin_n3.qasm,normal,0.04,2,0.43000000000000005,0
3,12,22,2,2,0,0,8,0,0,0,0,3,0,fredkin_n3.qasm,normal,0.05,0,0.49,0
3,12,22,2,2,0,0,8,0,0,0,0,3,0,fredkin_n3.qasm,normal,0.05,1,0.5900000000000001,0
3,12,22,2,2,0,0,8,0,0,0,0,3,0,fredkin_n3.qasm,normal,0.05,2,0.5,0
2,11,17,10,4,0,0,1,0,0,0,0,2,0,grover_n2.qasm,gate_deletion,0.005,0,0.755,1
2,11,17,10,4,0,0,1,0,0,0,0,2,0,grover_n2.qasm,gate_deletion,0.005,1,0.76,1
2,11,17,10,4,0,0,1,0,0,0,0,2,0,grover_n2.qasm,gate_deletion,0.005,2,0.7949999999999999,1
2,11,17,10,4,0,0,1,0,0,0,0,2,0,grover_n2.qasm,gate_deletion,0.01,0,0.74,1
2,11,17,10,4,0,0,1,0,0,0,0,2,0,grover_n2.qasm,gate_deletion,0.01,1,0.72,1
2,11,17,10,4,0,0,1,0,0,0,0,2,0,grover_n2.qasm,gate_deletion,0.01,2,0.74,1
2,11,17,10,4,0,0,1,0,0,0,0,2,0,grover_n2.qasm,gate_deletion,0.02,0,0.765,1
2,11,17,10,4,0,0,1,0,0,0,0,2,0,grover_n2.qasm,gate_deletion,0.02,1,0.75,1
2,11,17,10,4,0,0,1,0,0,0,0,2,0,grover_n2.qasm,gate_deletion,0.02,2,0.725,1
2,11,17,10,4,0,0,1,0,0,0,0,2,0,grover_n2.qasm,gate_deletion,0.03,0,0.78,1
2,11,17,10,4,0,0,1,0,0,0,0,2,0,grover_n2.qasm,gate_deletion,0.03,1,0.745,1
2,11,17,10,4,0,0,1,0,0,0,0,2,0,grover_n2.qasm,gate_deletion,0.03,2,0.7649999999999999,1
2,11,17,10,4,0,0,1,0,0,0,0,2,0,grover_n2.qasm,gate_deletion,0.04,0,0.78,1
2,11,17,10,4,0,0,1,0,0,0,0,2,0,grover_n2.qasm,gate_deletion,0.04,1,0.7649999999999999,1
2,11,17,10,4,0,0,1,0,0,0,0,2,0,grover_n2.qasm,gate_deletion,0.04,2,0.795,1
2,11,17,10,4,0,0,1,0,0,0,0,2,0,grover_n2.qasm,gate_deletion,0.05,0,0.69,1
2,11,17,10,4,0,0,1,0,0,0,0,2,0,grover_n2.qasm,gate_deletion,0.05,1,0.75,1
2,11,17,10,4,0,0,1,0,0,0,0,2,0,grover_n2.qasm,gate_deletion,0.05,2,0.745,1
2,12,19,10,4,0,1,2,0,0,0,0,2,0,grover_n2.qasm,gate_insertion,0.005,0,0.060000000000000026,1
2,12,19,10,4,0,1,2,0,0,0,0,2,0,grover_n2.qasm,gate_insertion,0.005,1,0.06499999999999997,1
2,12,19,10,4,0,1,2,0,0,0,0,2,0,grover_n2.qasm,gate_insertion,0.005,2,0.07999999999999997,1
2,12,19,10,4,0,1,2,0,0,0,0,2,0,grover_n2.qasm,gate_insertion,0.01,0,0.10499999999999998,1
2,12,19,10,4,0,1,2,0,0,0,0,2,0,grover_n2.qasm,gate_insertion,0.01,1,0.11499999999999999,1
2,12,19,10,4,0,1,2,0,0,0,0,2,0,grover_n2.qasm,gate_insertion,0.01,2,0.12,1
2,12,19,10,4,0,1,2,0,0,0,0,2,0,grover_n2.qasm,gate_insertion,0.02,0,0.19999999999999998,1
2,12,19,10,4,0,1,2,0,0,0,0,2,0,grover_n2.qasm,gate_insertion,0.02,1,0.18500000000000003,1
2,12,19,10,4,0,1,2,0,0,0,0,2,0,grover_n2.qasm,gate_insertion,0.02,2,0.21999999999999997,1
2,12,19,10,4,0,1,2,0,0,0,0,2,0,grover_n2.qasm,gate_insertion,0.03,0,0.265,1
2,12,19,10,4,0,1,2,0,0,0,0,2,0,grover_n2.qasm,gate_insertion,0.03,1,0.27,1
2,12,19,10,4,0,1,2,0,0,0,0,2,0,grover_n2.qasm,gate_insertion,0.03,2,0.29000000000000004,1
2,12,19,10,4,0,1,2,0,0,0,0,2,0,grover_n2.qasm,gate_insertion,0.04,0,0.365,1
2,12,19,10,4,0,1,2,0,0,0,0,2,0,grover_n2.qasm,gate_insertion,0.04,1,0.41,1
2,12,19,10,4,0,1,2,0,0,0,0,2,0,grover_n2.qasm,gate_insertion,0.04,2,0.33999999999999997,1
2,12,19,10,4,0,1,2,0,0,0,0,2,0,grover_n2.qasm,gate_insertion,0.05,0,0.45,1
2,12,19,10,4,0,1,2,0,0,0,0,2,0,grover_n2.qasm,gate_insertion,0.05,1,0.42500000000000004,1
2,12,19,10,4,0,1,2,0,0,0,0,2,0,grover_n2.qasm,gate_insertion,0.05,2,0.37499999999999994,1
2,12,18,11,3,0,0,2,0,0,0,0,2,0,grover_n2.qasm,gate_substitution,0.005,0,0.505,1
2,12,18,11,3,0,0,2,0,0,0,0,2,0,grover_n2.qasm,gate_substitution,0.005,1,0.515,1
2,12,18,11,3,0,0,2,0,0,0,0,2,0,grover_n2.qasm,gate_substitution,0.005,2,0.525,1
2,12,18,11,3,0,0,2,0,0,0,0,2,0,grover_n2.qasm,gate_substitution,0.01,0,0.495,1
2,12,18,11,3,0,0,2,0,0,0,0,2,0,grover_n2.qasm,gate_substitution,0.01,1,0.53,1
2,12,18,11,3,0,0,2,0,0,0,0,2,0,grover_n2.qasm,gate_substitution,0.01,2,0.59,1
2,12,18,11,3,0,0,2,0,0,0,0,2,0,grover_n2.qasm,gate_substitution,0.02,0,0.53,1
2,12,18,11,3,0,0,2,0,0,0,0,2,0,grover_n2.qasm,gate_substitution,0.02,1,0.555,1
2,12,18,11,3,0,0,2,0,0,0,0,2,0,grover_n2.qasm,gate_substitution,0.02,2,0.6149999999999999,1
2,12,18,11,3,0,0,2,0,0,0,0,2,0,grover_n2.qasm,gate_substitution,0.03,0,0.5700000000000001,1
2,12,18,11,3,0,0,2,0,0,0,0,2,0,grover_n2.qasm,gate_substitution,0.03,1,0.575,1
2,12,18,11,3,0,0,2,0,0,0,0,2,0,grover_n2.qasm,gate_substitution,0.03,2,0.615,1
2,12,18,11,3,0,0,2,0,0,0,0,2,0,grover_n2.qasm,gate_substitution,0.04,0,0.625,1
2,12,18,11,3,0,0,2,0,0,0,0,2,0,grover_n2.qasm,gate_substitution,0.04,1,0.595,1
2,12,18,11,3,0,0,2,0,0,0,0,2,0,grover_n2.qasm,gate_substitution,0.04,2,0.625,1
2,12,18,11,3,0,0,2,0,0,0,0,2,0,grover_n2.qasm,gate_substitution,0.05,0,0.61,1
2,12,18,11,3,0,0,2,0,0,0,0,2,0,grover_n2.qasm,gate_substitution,0.05,1,0.615,1
2,12,18,11,3,0,0,2,0,0,0,0,2,0,grover_n2.qasm,gate_substitution,0.05,2,0.635,1
2,14,21,10,4,1,2,2,0,0,0,0,2,0,grover_n2.qasm,multiple_gate_insertion,0.005,0,0.97,1
2,14,21,10,4,1,2,2,0,0,0,0,2,0,grover_n2.qasm,multiple_gate_insertion,0.005,1,0.97,1
2,14,21,10,4,1,2,2,0,0,0,0,2,0,grover_n2.qasm,multiple_gate_insertion,0.005,2,0.985,1
2,14,21,10,4,1,2,2,0,0,0,0,2,0,grover_n2.qasm,multiple_gate_insertion,0.01,0,0.945,1
2,14,21,10,4,1,2,2,0,0,0,0,2,0,grover_n2.qasm,multiple_gate_insertion,0.01,1,0.94,1
2,14,21,10,4,1,2,2,0,0,0,0,2,0,grover_n2.qasm,multiple_gate_insertion,0.01,2,0.97,1
2,14,21,10,4,1,2,2,0,0,0,0,2,0,grover_n2.qasm,multiple_gate_insertion,0.02,0,0.9450000000000001,1
2,14,21,10,4,1,2,2,0,0,0,0,2,0,grover_n2.qasm,multiple_gate_insertion,0.02,1,0.92,1
2,14,21,10,4,1,2,2,0,0,0,0,2,0,grover_n2.qasm,multiple_gate_insertion,0.02,2,0.925,1
2,14,21,10,4,1,2,2,0,0,0,0,2,0,grover_n2.qasm,multiple_gate_insertion,0.03,0,0.845,1
2,14,21,10,4,1,2,2,0,0,0,0,2,0,grover_n2.qasm,multiple_gate_insertion,0.03,1,0.895,1
2,14,21,10,4,1,2,2,0,0,0,0,2,0,grover_n2.qasm,multiple_gate_insertion,0.03,2,0.8599999999999999,1
2,14,21,10,4,1,2,2,0,0,0,0,2,0,grover_n2.qasm,multiple_gate_insertion,0.04,0,0.83,1
2,14,21,10,4,1,2,2,0,0,0,0,2,0,grover_n2.qasm,multiple_gate_insertion,0.04,1,0.7950000000000002,1
2,14,21,10,4,1,2,2,0,0,0,0,2,0,grover_n2.qasm,multiple_gate_insertion,0.04,2,0.8350000000000001,1
2,14,21,10,4,1,2,2,0,0,0,0,2,0,grover_n2.qasm,multiple_gate_insertion,0.05,0,0.7500000000000001,1
2,14,21,10,4,1,2,2,0,0,0,0,2,0,grover_n2.qasm,multiple_gate_insertion,0.05,1,0.81,1
2,14,21,10,4,1,2,2,0,0,0,0,2,0,grover_n2.qasm,multiple_gate_insertion,0.05,2,0.8300000000000001,1
2,12,18,10,4,0,0,2,0,0,0,0,2,0,grover_n2.qasm,normal,0.005,0,0.02500000000000001,0
2,12,18,10,4,0,0,2,0,0,0,0,2,0,grover_n2.qasm,normal,0.005,1,0.09999999999999999,0
2,12,18,10,4,0,0,2,0,0,0,0,2,0,grover_n2.qasm,normal,0.005,2,0.04500000000000002,0
2,12,18,10,4,0,0,2,0,0,0,0,2,0,grover_n2.qasm,normal,0.01,0,0.06999999999999998,0
2,12,18,10,4,0,0,2,0,0,0,0,2,0,grover_n2.qasm,normal,0.01,1,0.11499999999999999,0
2,12,18,10,4,0,0,2,0,0,0,0,2,0,grover_n2.qasm,normal,0.01,2,0.07999999999999999,0
2,12,18,10,4,0,0,2,0,0,0,0,2,0,grover_n2.qasm,normal,0.02,0,0.18500000000000003,0
2,12,18,10,4,0,0,2,0,0,0,0,2,0,grover_n2.qasm,normal,0.02,1,0.215,0
2,12,18,10,4,0,0,2,0,0,0,0,2,0,grover_n2.qasm,normal,0.02,2,0.19999999999999996,0
2,12,18,10,4,0,0,2,0,0,0,0,2,0,grover_n2.qasm,normal,0.03,0,0.245,0
2,12,18,10,4,0,0,2,0,0,0,0,2,0,grover_n2.qasm,normal,0.03,1,0.37,0
2,12,18,10,4,0,0,2,0,0,0,0,2,0,grover_n2.qasm,normal,0.03,2,0.29500000000000004,0
2,12,18,10,4,0,0,2,0,0,0,0,2,0,grover_n2.qasm,normal,0.04,0,0.29,0
2,12,18,10,4,0,0,2,0,0,0,0,2,0,grover_n2.qasm,normal,0.04,1,0.31999999999999995,0
2,12,18,10,4,0,0,2,0,0,0,0,2,0,grover_n2.qasm,normal,0.04,2,0.35,0
2,12,18,10,4,0,0,2,0,0,0,0,2,0,grover_n2.qasm,normal,0.05,0,0.41500000000000004,0
2,12,18,10,4,0,0,2,0,0,0,0,2,0,grover_n2.qasm,normal,0.05,1,0.355,0
2,12,18,10,4,0,0,2,0,0,0,0,2,0,grover_n2.qasm,normal,0.05,2,0.39,0
7,550,695,4,0,0,0,195,0,6,173,310,7,1,hhl_n7.qasm,gate_deletion,0.005,0,0.9249999999999998,1
7,550,695,4,0,0,0,195,0,6,173,310,7,1,hhl_n7.qasm,gate_deletion,0.005,1,0.9499999999999997,1
7,550,695,4,0,0,0,195,0,6,173,310,7,1,hhl_n7.qasm,gate_deletion,0.005,2,0.9149999999999996,1
7,550,695,4,0,0,0,195,0,6,173,310,7,1,hhl_n7.qasm,gate_deletion,0.01,0,0.9399999999999998,1
7,550,695,4,0,0,0,195,0,6,173,310,7,1,hhl_n7.qasm,gate_deletion,0.01,1,0.9549999999999995,1
7,550,695,4,0,0,0,195,0,6,173,310,7,1,hhl_n7.qasm,gate_deletion,0.01,2,0.9699999999999995,1
7,550,695,4,0,0,0,195,0,6,173,310,7,1,hhl_n7.qasm,gate_deletion,0.02,0,0.945,1
7,550,695,4,0,0,0,195,0,6,173,310,7,1,hhl_n7.qasm,gate_deletion,0.02,1,0.9849999999999997,1
7,550,695,4,0,0,0,195,0,6,173,310,7,1,hhl_n7.qasm,gate_deletion,0.02,2,0.9399999999999997,1
7,550,695,4,0,0,0,195,0,6,173,310,7,1,hhl_n7.qasm,gate_deletion,0.03,0,0.9649999999999994,1
7,550,695,4,0,0,0,195,0,6,173,310,7,1,hhl_n7.qasm,gate_deletion,0.03,1,0.9499999999999996,1
7,550,695,4,0,0,0,195,0,6,173,310,7,1,hhl_n7.qasm,gate_deletion,0.03,2,0.9599999999999995,1
7,550,695,4,0,0,0,195,0,6,173,310,7,1,hhl_n7.qasm,gate_deletion,0.04,0,0.9549999999999997,1
7,550,695,4,0,0,0,195,0,6,173,310,7,1,hhl_n7.qasm,gate_deletion,0.04,1,0.9699999999999994,1
7,550,695,4,0,0,0,195,0,6,173,310,7,1,hhl_n7.qasm,gate_deletion,0.04,2,0.9949999999999998,1
7,550,695,4,0,0,0,195,0,6,173,310,7,1,hhl_n7.qasm,gate_deletion,0.05,0,0.9499999999999995,1
7,550,695,4,0,0,0,195,0,6,173,310,7,1,hhl_n7.qasm,gate_deletion,0.05,1,0.9399999999999995,1
7,550,695,4,0,0,0,195,0,6,173,310,7,1,hhl_n7.qasm,gate_deletion,0.05,2,0.9599999999999996,1
7,552,697,4,1,0,0,196,0,6,173,310,7,1,hhl_n7.qasm,gate_insertion,0.005,0,0.9549999999999997,1
7,552,697,4,1,0,0,196,0,6,173,310,7,1,hhl_n7.qasm,gate_insertion,0.005,1,0.9299999999999996,1
7,552,697,4,1,0,0,196,0,6,173,310,7,1,hhl_n7.qasm,gate_insertion,0.005,2,0.9199999999999996,1
7,552,697,4,1,0,0,196,0,6,173,310,7,1,hhl_n7.qasm,gate_insertion,0.01,0,0.9649999999999997,1
7,552,697,4,1,0,0,196,0,6,173,310,7,1,hhl_n7.qasm,gate_insertion,0.01,1,0.9699999999999995,1
7,552,697,4,1,0,0,196,0,6,173,310,7,1,hhl_n7.qasm,gate_insertion,0.01,2,0.9399999999999995,1
7,552,697,4,1,0,0,196,0,6,173,310,7,1,hhl_n7.qasm,gate_insertion,0.02,0,0.9549999999999995,1
7,552,697,4,1,0,0,196,0,6,173,310,7,1,hhl_n7.qasm,gate_insertion,0.02,1,0.9849999999999998,1
7,552,697,4,1,0,0,196,0,6,173,310,7,1,hhl_n7.qasm,gate_insertion,0.02,2,0.9599999999999995,1
7,552,697,4,1,0,0,196,0,6,173,310,7,1,hhl_n7.qasm,gate_insertion,0.03,0,0.9599999999999993,1
7,552,697,4,1,0,0,196,0,6,173,310,7,1,hhl_n7.qasm,gate_insertion,0.03,1,0.9899999999999997,1
7,552,697,4,1,0,0,196,0,6,173,310,7,1,hhl_n7.qasm,gate_insertion,0.03,2,0.9799999999999996,1
7,552,697,4,1,0,0,196,0,6,173,310,7,1,hhl_n7.qasm,gate_insertion,0.04,0,0.9749999999999995,1
7,552,697,4,1,0,0,196,0,6,173,310,7,1,hhl_n7.qasm,gate_insertion,0.04,1,0.9649999999999997,1
7,552,697,4,1,0,0,196,0,6,173,310,7,1,hhl_n7.qasm,gate_insertion,0.04,2,0.9799999999999994,1
7,552,697,4,1,0,0,196,0,6,173,310,7,1,hhl_n7.qasm,gate_insertion,0.05,0,0.9799999999999994,1
7,552,697,4,1,0,0,196,0,6,173,310,7,1,hhl_n7.qasm,gate_insertion,0.05,1,0.9649999999999995,1
7,552,697,4,1,0,0,196,0,6,173,310,7,1,hhl_n7.qasm,gate_insertion,0.05,2,0.9449999999999995,1
7,551,696,4,0,1,0,196,0,6,172,310,7,1,hhl_n7.qasm,gate_substitution,0.005,0,0.8849999999999998,1
7,551,696,4,0,1,0,196,0,6,172,310,7,1,hhl_n7.qasm,gate_substitution,0.005,1,0.9,1
7,551,696,4,0,1,0,196,0,6,172,310,7,1,hhl_n7.qasm,gate_substitution,0.005,2,0.9049999999999998,1
7,551,696,4,0,1,0,196,0,6,172,310,7,1,hhl_n7.qasm,gate_substitution,0.01,0,0.9749999999999998,1
7,551,696,4,0,1,0,196,0,6,172,310,7,1,hhl_n7.qasm,gate_substitution,0.01,1,0.9549999999999995,1
7,551,696,4,0,1,0,196,0,6,172,310,7,1,hhl_n7.qasm,gate_substitution,0.01,2,0.9649999999999996,1
7,551,696,4,0,1,0,196,0,6,172,310,7,1,hhl_n7.qasm,gate_substitution,0.02,0,0.9549999999999996,1
7,551,696,4,0,1,0,196,0,6,172,310,7,1,hhl_n7.qasm,gate_substitution,0.02,1,0.9649999999999999,1
7,551,696,4,0,1,0,196,0,6,172,310,7,1,hhl_n7.qasm,gate_substitution,0.02,2,0.9499999999999996,1
7,551,696,4,0,1,0,196,0,6,172,310,7,1,hhl_n7.qasm,gate_substitution,0.03,0,0.9649999999999993,1
7,551,696,4,0,1,0,196,0,6,172,310,7,1,hhl_n7.qasm,gate_substitution,0.03,1,0.9699999999999994,1
7,551,696,4,0,1,0,196,0,6,172,310,7,1,hhl_n7.qasm,gate_substitution,0.03,2,0.9499999999999995,1
7,551,696,4,0,1,0,196,0,6,172,310,7,1,hhl_n7.qasm,gate_substitution,0.04,0,0.9849999999999998,1
7,551,696,4,0,1,0,196,0,6,172,310,7,1,hhl_n7.qasm,gate_substitution,0.04,1,0.9599999999999999,1
7,551,696,4,0,1,0,196,0,6,172,310,7,1,hhl_n7.qasm,gate_substitution,0.04,2,0.9799999999999996,1
7,551,696,4,0,1,0,196,0,6,172,310,7,1,hhl_n7.qasm,gate_substitution,0.05,0,0.9549999999999995,1
7,551,696,4,0,1,0,196,0,6,172,310,7,1,hhl_n7.qasm,gate_substitution,0.05,1,0.9499999999999997,1
7,551,696,4,0,1,0,196,0,6,172,310,7,1,hhl_n7.qasm,gate_substitution,0.05,2,0.9649999999999996,1
7,552,698,4,0,1,1,196,0,6,173,310,7,1,hhl_n7.qasm,multiple_gate_insertion,0.005,0,0.9399999999999998,1
7,552,698,4,0,1,1,196,0,6,173,310,7,1,hhl_n7.qasm,multiple_gate_insertion,0.005,1,0.9599999999999995,1
7,552,698,4,0,1,1,196,0,6,173,310,7,1,hhl_n7.qasm,multiple_gate_insertion,0.005,2,0.9549999999999995,1
7,552,698,4,0,1,1,196,0,6,173,310,7,1,hhl_n7.qasm,multiple_gate_insertion,0.01,0,0.9599999999999997,1
7,552,698,4,0,1,1,196,0,6,173,310,7,1,hhl_n7.qasm,multiple_gate_insertion,0.01,1,0.9699999999999998,1
7,552,698,4,0,1,1,196,0,6,173,310,7,1,hhl_n7.qasm,multiple_gate_insertion,0.01,2,0.9549999999999994,1
7,552,698,4,0,1,1,196,0,6,173,310,7,1,hhl_n7.qasm,multiple_gate_insertion,0.02,0,0.9549999999999994,1
7,552,698,4,0,1,1,196,0,6,173,310,7,1,hhl_n7.qasm,multiple_gate_insertion,0.02,1,0.9649999999999996,1
7,552,698,4,0,1,1,196,0,6,173,310,7,1,hhl_n7.qasm,multiple_gate_insertion,0.02,2,0.9649999999999997,1
7,552,698,4,0,1,1,196,0,6,173,310,7,1,hhl_n7.qasm,multiple_gate_insertion,0.03,0,0.9599999999999995,1
7,552,698,4,0,1,1,196,0,6,173,310,7,1,hhl_n7.qasm,multiple_gate_insertion,0.03,1,0.9699999999999998,1
7,552,698,4,0,1,1,196,0,6,173,310,7,1,hhl_n7.qasm,multiple_gate_insertion,0.03,2,0.9499999999999995,1
7,552,698,4,0,1,1,196,0,6,173,310,7,1,hhl_n7.qasm,multiple_gate_insertion,0.04,0,0.9599999999999997,1
7,552,698,4,0,1,1,196,0,6,173,310,7,1,hhl_n7.qasm,multiple_gate_insertion,0.04,1,0.9749999999999995,1
7,552,698,4,0,1,1,196,0,6,173,310,7,1,hhl_n7.qasm,multiple_gate_insertion,0.04,2,0.9549999999999996,1
7,552,698,4,0,1,1,196,0,6,173,310,7,1,hhl_n7.qasm,multiple_gate_insertion,0.05,0,0.9699999999999995,1
7,552,698,4,0,1,1,196,0,6,173,310,7,1,hhl_n7.qasm,multiple_gate_insertion,0.05,1,0.9599999999999995,1
7,552,698,4,0,1,1,196,0,6,173,310,7,1,hhl_n7.qasm,multiple_gate_insertion,0.05,2,0.9749999999999995,1
7,551,696,4,0,0,0,196,0,6,173,310,7,1,hhl_n7.qasm,normal,0.005,0,0.8749999999999998,0
7,551,696,4,0,0,0,196,0,6,173,310,7,1,hhl_n7.qasm,normal,0.005,1,0.8349999999999997,0
7,551,696,4,0,0,0,196,0,6,173,310,7,1,hhl_n7.qasm,normal,0.005,2,0.895,0
7,551,696,4,0,0,0,196,0,6,173,310,7,1,hhl_n7.qasm,normal,0.01,0,0.9599999999999996,0
7,551,696,4,0,0,0,196,0,6,173,310,7,1,hhl_n7.qasm,normal,0.01,1,0.9449999999999992,0
7,551,696,4,0,0,0,196,0,6,173,310,7,1,hhl_n7.qasm,normal,0.01,2,0.9349999999999993,0
7,551,696,4,0,0,0,196,0,6,173,310,7,1,hhl_n7.qasm,normal,0.02,0,0.9749999999999992,0
7,551,696,4,0,0,0,196,0,6,173,310,7,1,hhl_n7.qasm,normal,0.02,1,0.9699999999999998,0
7,551,696,4,0,0,0,196,0,6,173,310,7,1,hhl_n7.qasm,normal,0.02,2,0.97,0
7,551,696,4,0,0,0,196,0,6,173,310,7,1,hhl_n7.qasm,normal,0.03,0,0.9549999999999994,0
7,551,696,4,0,0,0,196,0,6,173,310,7,1,hhl_n7.qasm,normal,0.03,1,0.9749999999999994,0
7,551,696,4,0,0,0,196,0,6,173,310,7,1,hhl_n7.qasm,normal,0.03,2,0.9649999999999997,0
7,551,696,4,0,0,0,196,0,6,173,310,7,1,hhl_n7.qasm,normal,0.04,0,0.9849999999999995,0
7,551,696,4,0,0,0,196,0,6,173,310,7,1,hhl_n7.qasm,normal,0.04,1,0.9749999999999998,0
7,551,696,4,0,0,0,196,0,6,173,310,7,1,hhl_n7.qasm,normal,0.04,2,0.9649999999999993,0
7,551,696,4,0,0,0,196,0,6,173,310,7,1,hhl_n7.qasm,normal,0.05,0,0.9699999999999993,0
7,551,696,4,0,0,0,196,0,6,173,310,7,1,hhl_n7.qasm,normal,0.05,1,0.9749999999999993,0
7,551,696,4,0,0,0,196,0,6,173,310,7,1,hhl_n7.qasm,normal,0.05,2,0.9749999999999995,0
4,10,31,19,4,0,0,4,0,0,0,0,4,0,hs4_n4.qasm,gate_deletion,0.005,0,0.9899999999999999,1
4,10,31,19,4,0,0,4,0,0,0,0,4,0,hs4_n4.qasm,gate_deletion,0.005,1,0.985,1
4,10,31,19,4,0,0,4,0,0,0,0,4,0,hs4_n4.qasm,gate_deletion,0.005,2,0.995,1
4,10,31,19,4,0,0,4,0,0,0,0,4,0,hs4_n4.qasm,gate_deletion,0.01,0,0.975,1
4,10,31,19,4,0,0,4,0,0,0,0,4,0,hs4_n4.qasm,gate_deletion,0.01,1,0.9699999999999999,1
4,10,31,19,4,0,0,4,0,0,0,0,4,0,hs4_n4.qasm,gate_deletion,0.01,2,0.975,1
4,10,31,19,4,0,0,4,0,0,0,0,4,0,hs4_n4.qasm,gate_deletion,0.02,0,0.96,1
4,10,31,19,4,0,0,4,0,0,0,0,4,0,hs4_n4.qasm,gate_deletion,0.02,1,0.9549999999999998,1
4,10,31,19,4,0,0,4,0,0,0,0,4,0,hs4_n4.qasm,gate_deletion,0.02,2,0.945,1
4,10,31,19,4,0,0,4,0,0,0,0,4,0,hs4_n4.qasm,gate_deletion,0.03,0,0.945,1
4,10,31,19,4,0,0,4,0,0,0,0,4,0,hs4_n4.qasm,gate_deletion,0.03,1,0.95,1
4,10,31,19,4,0,0,4,0,0,0,0,4,0,hs4_n4.qasm,gate_deletion,0.03,2,0.9249999999999999,1
4,10,31,19,4,0,0,4,0,0,0,0,4,0,hs4_n4.qasm,gate_deletion,0.04,0,0.9299999999999999,1
4,10,31,19,4,0,0,4,0,0,0,0,4,0,hs4_n4.qasm,gate_deletion,0.04,1,0.9299999999999999,1
4,10,31,19,4,0,0,4,0,0,0,0,4,0,hs4_n4.qasm,gate_deletion,0.04,2,0.92,1
4,10,31,19,4,0,0,4,0,0,0,0,4,0,hs4_n4.qasm,gate_deletion,0.05,0,0.9149999999999999,1
4,10,31,19,4,0,0,4,0,0,0,0,4,0,hs4_n4.qasm,gate_deletion,0.05,1,0.915,1
4,10,31,19,4,0,0,4,0,0,0,0,4,0,hs4_n4.qasm,gate_deletion,0.05,2,0.935,1
4,11,33,20,4,0,1,4,0,0,0,0,4,0,hs4_n4.qasm,gate_insertion,0.005,0,0.05500000000000003,1
4,11,33,20,4,0,1,4,0,0,0,0,4,0,hs4_n4.qasm,gate_insertion,0.005,1,0.13,1
4,11,33,20,4,0,1,4,0,0,0,0,4,0,hs4_n4.qasm,gate_insertion,0.005,2,0.14,1
4,11,33,20,4,0,1,4,0,0,0,0,4,0,hs4_n4.qasm,gate_insertion,0.01,0,0.105,1
4,11,33,20,4,0,1,4,0,0,0,0,4,0,hs4_n4.qasm,gate_insertion,0.01,1,0.23500000000000001,1
4,11,33,20,4,0,1,4,0,0,0,0,4,0,hs4_n4.qasm,gate_insertion,0.01,2,0.145,1
4,11,33,20,4,0,1,4,0,0,0,0,4,0,hs4_n4.qasm,gate_insertion,0.02,0,0.35000000000000003,1
4,11,33,20,4,0,1,4,0,0,0,0,4,0,hs4_n4.qasm,gate_insertion,0.02,1,0.33,1
4,11,33,20,4,0,1,4,0,0,0,0,4,0,hs4_n4.qasm,gate_insertion,0.02,2,0.32,1
4,11,33,20,4,0,1,4,0,0,0,0,4,0,hs4_n4.qasm,gate_insertion,0.03,0,0.48,1
4,11,33,20,4,0,1,4,0,0,0,0,4,0,hs4_n4.qasm,gate_insertion,0.03,1,0.47,1
4,11,33,20,4,0,1,4,0,0,0,0,4,0,hs4_n4.qasm,gate_insertion,0.03,2,0.465,1
4,11,33,20,4,0,1,4,0,0,0,0,4,0,hs4_n4.qasm,gate_insertion,0.04,0,0.5449999999999999,1
4,11,33,20,4,0,1,4,0,0,0,0,4,0,hs4_n4.qasm,gate_insertion,0.04,1,0.5549999999999999,1
4,11,33,20,4,0,1,4,0,0,0,0,4,0,hs4_n4.qasm,gate_insertion,0.04,2,0.545,1
4,11,33,20,4,0,1,4,0,0,0,0,4,0,hs4_n4.qasm,gate_insertion,0.05,0,0.6,1
4,11,33,20,4,0,1,4,0,0,0,0,4,0,hs4_n4.qasm,gate_insertion,0.05,1,0.625,1
4,11,33,20,4,0,1,4,0,0,0,0,4,0,hs4_n4.qasm,gate_insertion,0.05,2,0.55,1
4,10,32,19,5,0,0,4,0,0,0,0,4,0,hs4_n4.qasm,gate_substitution,0.005,0,0.5800000000000001,1
4,10,32,19,5,0,0,4,0,0,0,0,4,0,hs4_n4.qasm,gate_substitution,0.005,1,0.585,1
4,10,32,19,5,0,0,4,0,0,0,0,4,0,hs4_n4.qasm,gate_substitution,0.005,2,0.5549999999999999,1
4,10,32,19,5,0,0,4,0,0,0,0,4,0,hs4_n4.qasm,gate_substitution,0.01,0,0.61,1
4,10,32,19,5,0,0,4,0,0,0,0,4,0,hs4_n4.qasm,gate_substitution,0.01,1,0.5900000000000001,1
4,10,32,19,5,0,0,4,0,0,0,0,4,0,hs4_n4.qasm,gate_substitution,0.01,2,0.58,1
4,10,32,19,5,0,0,4,0,0,0,0,4,0,hs4_n4.qasm,gate_substitution,0.02,0,0.64,1
4,10,32,19,5,0,0,4,0,0,0,0,4,0,hs4_n4.qasm,gate_substitution,0.02,1,0.6149999999999999,1
4,10,32,19,5,0,0,4,0,0,0,0,4,0,hs4_n4.qasm,gate_substitution,0.02,2,0.69,1
4,10,32,19,5,0,0,4,0,0,0,0,4,0,hs4_n4.qasm,gate_substitution,0.03,0,0.7200000000000001,1
4,10,32,19,5,0,0,4,0,0,0,0,4,0,hs4_n4.qasm,gate_substitution,0.03,1,0.6599999999999999,1
4,10,32,19,5,0,0,4,0,0,0,0,4,0,hs4_n4.qasm,gate_substitution,0.03,2,0.6450000000000001,1
4,10,32,19,5,0,0,4,0,0,0,0,4,0,hs4_n4.qasm,gate_substitution,0.04,0,0.7500000000000001,1
4,10,32,19,5,0,0,4,0,0,0,0,4,0,hs4_n4.qasm,gate_substitution,0.04,1,0.7700000000000001,1
4,10,32,19,5,0,0,4,0,0,0,0,4,0,hs4_n4.qasm,gate_substitution,0.04,2,0.73,1
4,10,32,19,5,0,0,4,0,0,0,0,4,0,hs4_n4.qasm,gate_substitution,0.05,0,0.8,1
4,10,32,19,5,0,0,4,0,0,0,0,4,0,hs4_n4.qasm,gate_substitution,0.05,1,0.7500000000000001,1
4,10,32,19,5,0,0,4,0,0,0,0,4,0,hs4_n4.qasm,gate_substitution,0.05,2,0.795,1
4,11,35,21,5,0,1,4,0,0,0,0,4,0,hs4_n4.qasm,multiple_gate_insertion,0.005,0,1.0,1
4,11,35,21,5,0,1,4,0,0,0,0,4,0,hs4_n4.qasm,multiple_gate_insertion,0.005,1,0.985,1
4,11,35,21,5,0,1,4,0,0,0,0,4,0,hs4_n4.qasm,multiple_gate_insertion,0.005,2,0.9799999999999999,1
4,11,35,21,5,0,1,4,0,0,0,0,4,0,hs4_n4.qasm,multiple_gate_insertion,0.01,0,0.99,1
4,11,35,21,5,0,1,4,0,0,0,0,4,0,hs4_n4.qasm,multiple_gate_insertion,0.01,1,0.985,1
4,11,35,21,5,0,1,4,0,0,0,0,4,0,hs4_n4.qasm,multiple_gate_insertion,0.01,2,0.97,1
4,11,35,21,5,0,1,4,0,0,0,0,4,0,hs4_n4.qasm,multiple_gate_insertion,0.02,0,0.9599999999999999,1
4,11,35,21,5,0,1,4,0,0,0,0,4,0,hs4_n4.qasm,multiple_gate_insertion,0.02,1,0.9750000000000001,1
4,11,35,21,5,0,1,4,0,0,0,0,4,0,hs4_n4.qasm,multiple_gate_insertion,0.02,2,0.9299999999999999,1
4,11,35,21,5,0,1,4,0,0,0,0,4,0,hs4_n4.qasm,multiple_gate_insertion,0.03,0,0.9649999999999999,1
4,11,35,21,5,0,1,4,0,0,0,0,4,0,hs4_n4.qasm,multiple_gate_insertion,0.03,1,0.9549999999999998,1
4,11,35,21,5,0,1,4,0,0,0,0,4,0,hs4_n4.qasm,multiple_gate_insertion,0.03,2,0.96,1
4,11,35,21,5,0,1,4,0,0,0,0,4,0,hs4_n4.qasm,multiple_gate_insertion,0.04,0,0.9299999999999999,1
4,11,35,21,5,0,1,4,0,0,0,0,4,0,hs4_n4.qasm,multiple_gate_insertion,0.04,1,0.945,1
4,11,35,21,5,0,1,4,0,0,0,0,4,0,hs4_n4.qasm,multiple_gate_insertion,0.04,2,0.9399999999999998,1
4,11,35,21,5,0,1,4,0,0,0,0,4,0,hs4_n4.qasm,multiple_gate_insertion,0.05,0,0.965,1
4,11,35,21,5,0,1,4,0,0,0,0,4,0,hs4_n4.qasm,multiple_gate_insertion,0.05,1,0.935,1
4,11,35,21,5,0,1,4,0,0,0,0,4,0,hs4_n4.qasm,multiple_gate_insertion,0.05,2,0.9349999999999999,1
4,10,32,20,4,0,0,4,0,0,0,0,4,0,hs4_n4.qasm,normal,0.005,0,0.06999999999999998,0
4,10,32,20,4,0,0,4,0,0,0,0,4,0,hs4_n4.qasm,normal,0.005,1,0.09499999999999999,0
4,10,32,20,4,0,0,4,0,0,0,0,4,0,hs4_n4.qasm,normal,0.005,2,0.09999999999999999,0
4,10,32,20,4,0,0,4,0,0,0,0,4,0,hs4_n4.qasm,normal,0.01,0,0.195,0
4,10,32,20,4,0,0,4,0,0,0,0,4,0,hs4_n4.qasm,normal,0.01,1,0.18000000000000005,0
4,10,32,20,4,0,0,4,0,0,0,0,4,0,hs4_n4.qasm,normal,0.01,2,0.185,0
4,10,32,20,4,0,0,4,0,0,0,0,4,0,hs4_n4.qasm,normal,0.02,0,0.33499999999999996,0
4,10,32,20,4,0,0,4,0,0,0,0,4,0,hs4_n4.qasm,normal,0.02,1,0.3449999999999999,0
4,10,32,20,4,0,0,4,0,0,0,0,4,0,hs4_n4.qasm,normal,0.02,2,0.34500000000000003,0
4,10,32,20,4,0,0,4,0,0,0,0,4,0,hs4_n4.qasm,normal,0.03,0,0.43500000000000005,0
4,10,32,20,4,0,0,4,0,0,0,0,4,0,hs4_n4.qasm,normal,0.03,1,0.45500000000000007,0
4,10,32,20,4,0,0,4,0,0,0,0,4,0,hs4_n4.qasm,normal,0.03,2,0.475,0
4,10,32,20,4,0,0,4,0,0,0,0,4,0,hs4_n4.qasm,normal,0.04,0,0.44999999999999996,0
4,10,32,20,4,0,0,4,0,0,0,0,4,0,hs4_n4.qasm,normal,0.04,1,0.595,0
4,10,32,20,4,0,0,4,0,0,0,0,4,0,hs4_n4.qasm,normal,0.04,2,0.5650000000000001,0
4,10,32,20,4,0,0,4,0,0,0,0,4,0,hs4_n4.qasm,normal,0.05,0,0.63,0
4,10,32,20,4,0,0,4,0,0,0,0,4,0,hs4_n4.qasm,normal,0.05,1,0.6449999999999999,0
4,10,32,20,4,0,0,4,0,0,0,0,4,0,hs4_n4.qasm,normal,0.05,2,0.6150000000000001,0
4,12,18,8,0,0,0,0,0,0,0,0,4,1,inverseqft_n4.qasm,normal,0.005,0,0.0,0
4,12,18,8,0,0,0,0,0,0,0,0,4,1,inverseqft_n4.qasm,normal,0.005,1,0.015000000000000008,0
4,12,18,8,0,0,0,0,0,0,0,0,4,1,inverseqft_n4.qasm,normal,0.005,2,0.0,0
4,12,18,8,0,0,0,0,0,0,0,0,4,1,inverseqft_n4.qasm,normal,0.01,0,0.03500000000000002,0
4,12,18,8,0,0,0,0,0,0,0,0,4,1,inverseqft_n4.qasm,normal,0.01,1,0.04000000000000002,0
4,12,18,8,0,0,0,0,0,0,0,0,4,1,inverseqft_n4.qasm,normal,0.01,2,0.025000000000000012,0
4,12,18,8,0,0,0,0,0,0,0,0,4,1,inverseqft_n4.qasm,normal,0.02,0,0.05500000000000003,0
4,12,18,8,0,0,0,0,0,0,0,0,4,1,inverseqft_n4.qasm,normal,0.02,1,0.07499999999999998,0
4,12,18,8,0,0,0,0,0,0,0,0,4,1,inverseqft_n4.qasm,normal,0.02,2,0.06499999999999997,0
4,12,18,8,0,0,0,0,0,0,0,0,4,1,inverseqft_n4.qasm,normal,0.03,0,0.12000000000000001,0
4,12,18,8,0,0,0,0,0,0,0,0,4,1,inverseqft_n4.qasm,normal,0.03,1,0.1,0
4,12,18,8,0,0,0,0,0,0,0,0,4,1,inverseqft_n4.qasm,normal,0.03,2,0.10999999999999999,0
4,12,18,8,0,0,0,0,0,0,0,0,4,1,inverseqft_n4.qasm,normal,0.04,0,0.16500000000000004,0
4,12,18,8,0,0,0,0,0,0,0,0,4,1,inverseqft_n4.qasm,normal,0.04,1,0.1,0
4,12,18,8,0,0,0,0,0,0,0,0,4,1,inverseqft_n4.qasm,normal,0.04,2,0.13,0
4,12,18,8,0,0,0,0,0,0,0,0,4,1,inverseqft_n4.qasm,normal,0.05,0,0.23500000000000001,0
4,12,18,8,0,0,0,0,0,0,0,0,4,1,inverseqft_n4.qasm,normal,0.05,1,0.195,0
4,12,18,8,0,0,0,0,0,0,0,0,4,1,inverseqft_n4.qasm,normal,0.05,2,0.19499999999999998,0
10,71,489,110,0,0,0,90,0,0,0,279,10,0,ising_n10.qasm,gate_deletion,0.005,0,0.7699999999999969,1
10,71,489,110,0,0,0,90,0,0,0,279,10,0,ising_n10.qasm,gate_deletion,0.005,1,0.7099999999999975,1
10,71,489,110,0,0,0,90,0,0,0,279,10,0,ising_n10.qasm,gate_deletion,0.005,2,0.7549999999999965,1
10,71,489,110,0,0,0,90,0,0,0,279,10,0,ising_n10.qasm,gate_deletion,0.01,0,0.8049999999999968,1
10,71,489,110,0,0,0,90,0,0,0,279,10,0,ising_n10.qasm,gate_deletion,0.01,1,0.8049999999999963,1
10,71,489,110,0,0,0,90,0,0,0,279,10,0,ising_n10.qasm,gate_deletion,0.01,2,0.8249999999999957,1
10,71,489,110,0,0,0,90,0,0,0,279,10,0,ising_n10.qasm,gate_deletion,0.02,0,0.8299999999999955,1
10,71,489,110,0,0,0,90,0,0,0,279,10,0,ising_n10.qasm,gate_deletion,0.02,1,0.8499999999999954,1
10,71,489,110,0,0,0,90,0,0,0,279,10,0,ising_n10.qasm,gate_deletion,0.02,2,0.9099999999999945,1
10,71,489,110,0,0,0,90,0,0,0,279,10,0,ising_n10.qasm,gate_deletion,0.03,0,0.8599999999999954,1
10,71,489,110,0,0,0,90,0,0,0,279,10,0,ising_n10.qasm,gate_deletion,0.03,1,0.8799999999999955,1
10,71,489,110,0,0,0,90,0,0,0,279,10,0,ising_n10.qasm,gate_deletion,0.03,2,0.8649999999999958,1
10,71,489,110,0,0,0,90,0,0,0,279,10,0,ising_n10.qasm,gate_deletion,0.04,0,0.8499999999999948,1
10,71,489,110,0,0,0,90,0,0,0,279,10,0,ising_n10.qasm,gate_deletion,0.04,1,0.8899999999999949,1
10,71,489,110,0,0,0,90,0,0,0,279,10,0,ising_n10.qasm,gate_deletion,0.04,2,0.8599999999999949,1
10,71,489,110,0,0,0,90,0,0,0,279,10,0,ising_n10.qasm,gate_deletion,0.05,0,0.8899999999999948,1
10,71,489,110,0,0,0,90,0,0,0,279,10,0,ising_n10.qasm,gate_deletion,0.05,1,0.8899999999999947,1
10,71,489,110,0,0,0,90,0,0,0,279,10,0,ising_n10.qasm,gate_deletion,0.05,2,0.8749999999999946,1
10,71,491,111,0,0,0,90,0,0,0,280,10,0,ising_n10.qasm,gate_insertion,0.005,0,0.749999999999997,1
10,71,491,111,0,0,0,90,0,0,0,280,10,0,ising_n10.qasm,gate_insertion,0.005,1,0.7749999999999969,1
10,71,491,111,0,0,0,90,0,0,0,280,10,0,ising_n10.qasm,gate_insertion,0.005,2,0.7899999999999967,1
10,71,491,111,0,0,0,90,0,0,0,280,10,0,ising_n10.qasm,gate_insertion,0.01,0,0.809999999999996,1
10,71,491,111,0,0,0,90,0,0,0,280,10,0,ising_n10.qasm,gate_insertion,0.01,1,0.7949999999999966,1
10,71,491,111,0,0,0,90,0,0,0,280,10,0,ising_n10.qasm,gate_insertion,0.01,2,0.8799999999999949,1
10,71,491,111,0,0,0,90,0,0,0,280,10,0,ising_n10.qasm,gate_insertion,0.02,0,0.8449999999999953,1
10,71,491,111,0,0,0,90,0,0,0,280,10,0,ising_n10.qasm,gate_insertion,0.02,1,0.8649999999999944,1
10,71,491,111,0,0,0,90,0,0,0,280,10,0,ising_n10.qasm,gate_insertion,0.02,2,0.8849999999999947,1
10,71,491,111,0,0,0,90,0,0,0,280,10,0,ising_n10.qasm,gate_insertion,0.03,0,0.8699999999999949,1
10,71,491,111,0,0,0,90,0,0,0,280,10,0,ising_n10.qasm,gate_insertion,0.03,1,0.869999999999995,1
10,71,491,111,0,0,0,90,0,0,0,280,10,0,ising_n10.qasm,gate_insertion,0.03,2,0.8699999999999954,1
10,71,491,111,0,0,0,90,0,0,0,280,10,0,ising_n10.qasm,gate_insertion,0.04,0,0.8849999999999951,1
10,71,491,111,0,0,0,90,0,0,0,280,10,0,ising_n10.qasm,gate_insertion,0.04,1,0.8699999999999953,1
10,71,491,111,0,0,0,90,0,0,0,280,10,0,ising_n10.qasm,gate_insertion,0.04,2,0.864999999999995,1
10,71,491,111,0,0,0,90,0,0,0,280,10,0,ising_n10.qasm,gate_insertion,0.05,0,0.8599999999999954,1
10,71,491,111,0,0,0,90,0,0,0,280,10,0,ising_n10.qasm,gate_insertion,0.05,1,0.8899999999999955,1
10,71,491,111,0,0,0,90,0,0,0,280,10,0,ising_n10.qasm,gate_insertion,0.05,2,0.8599999999999951,1
10,71,490,109,0,0,1,90,0,0,0,280,10,0,ising_n10.qasm,gate_substitution,0.005,0,0.7449999999999968,1
10,71,490,109,0,0,1,90,0,0,0,280,10,0,ising_n10.qasm,gate_substitution,0.005,1,0.7449999999999971,1
10,71,490,109,0,0,1,90,0,0,0,280,10,0,ising_n10.qasm,gate_substitution,0.005,2,0.7499999999999973,1
10,71,490,109,0,0,1,90,0,0,0,280,10,0,ising_n10.qasm,gate_substitution,0.01,0,0.8349999999999957,1
10,71,490,109,0,0,1,90,0,0,0,280,10,0,ising_n10.qasm,gate_substitution,0.01,1,0.8549999999999954,1
10,71,490,109,0,0,1,90,0,0,0,280,10,0,ising_n10.qasm,gate_substitution,0.01,2,0.7749999999999962,1
10,71,490,109,0,0,1,90,0,0,0,280,10,0,ising_n10.qasm,gate_substitution,0.02,0,0.8749999999999958,1
10,71,490,109,0,0,1,90,0,0,0,280,10,0,ising_n10.qasm,gate_substitution,0.02,1,0.8499999999999955,1
10,71,490,109,0,0,1,90,0,0,0,280,10,0,ising_n10.qasm,gate_substitution,0.02,2,0.8549999999999957,1
10,71,490,109,0,0,1,90,0,0,0,280,10,0,ising_n10.qasm,gate_substitution,0.03,0,0.8949999999999952,1
10,71,490,109,0,0,1,90,0,0,0,280,10,0,ising_n10.qasm,gate_substitution,0.03,1,0.8149999999999955,1
10,71,490,109,0,0,1,90,0,0,0,280,10,0,ising_n10.qasm,gate_substitution,0.03,2,0.8599999999999951,1
10,71,490,109,0,0,1,90,0,0,0,280,10,0,ising_n10.qasm,gate_substitution,0.04,0,0.8999999999999941,1
10,71,490,109,0,0,1,90,0,0,0,280,10,0,ising_n10.qasm,gate_substitution,0.04,1,0.8949999999999954,1
10,71,490,109,0,0,1,90,0,0,0,280,10,0,ising_n10.qasm,gate_substitution,0.04,2,0.8549999999999952,1
10,71,490,109,0,0,1,90,0,0,0,280,10,0,ising_n10.qasm,gate_substitution,0.05,0,0.8999999999999944,1
10,71,490,109,0,0,1,90,0,0,0,280,10,0,ising_n10.qasm,gate_substitution,0.05,1,0.869999999999995,1
10,71,490,109,0,0,1,90,0,0,0,280,10,0,ising_n10.qasm,gate_substitution,0.05,2,0.8849999999999942,1
10,71,492,110,0,0,2,90,0,0,0,280,10,0,ising_n10.qasm,multiple_gate_insertion,0.005,0,0.7449999999999968,1
10,71,492,110,0,0,2,90,0,0,0,280,10,0,ising_n10.qasm,multiple_gate_insertion,0.005,1,0.7399999999999971,1
10,71,492,110,0,0,2,90,0,0,0,280,10,0,ising_n10.qasm,multiple_gate_insertion,0.005,2,0.7299999999999972,1
10,71,492,110,0,0,2,90,0,0,0,280,10,0,ising_n10.qasm,multiple_gate_insertion,0.01,0,0.8149999999999964,1
10,71,492,110,0,0,2,90,0,0,0,280,10,0,ising_n10.qasm,multiple_gate_insertion,0.01,1,0.7899999999999957,1
10,71,492,110,0,0,2,90,0,0,0,280,10,0,ising_n10.qasm,multiple_gate_insertion,0.01,2,0.7849999999999968,1
10,71,492,110,0,0,2,90,0,0,0,280,10,0,ising_n10.qasm,multiple_gate_insertion,0.02,0,0.8649999999999957,1
10,71,492,110,0,0,2,90,0,0,0,280,10,0,ising_n10.qasm,multiple_gate_insertion,0.02,1,0.894999999999994,1
10,71,492,110,0,0,2,90,0,0,0,280,10,0,ising_n10.qasm,multiple_gate_insertion,0.02,2,0.8099999999999967,1
10,71,492,110,0,0,2,90,0,0,0,280,10,0,ising_n10.qasm,multiple_gate_insertion,0.03,0,0.8649999999999952,1
10,71,492,110,0,0,2,90,0,0,0,280,10,0,ising_n10.qasm,multiple_gate_insertion,0.03,1,0.8349999999999961,1
10,71,492,110,0,0,2,90,0,0,0,280,10,0,ising_n10.qasm,multiple_gate_insertion,0.03,2,0.8549999999999955,1
10,71,492,110,0,0,2,90,0,0,0,280,10,0,ising_n10.qasm,multiple_gate_insertion,0.04,0,0.8849999999999948,1
10,71,492,110,0,0,2,90,0,0,0,280,10,0,ising_n10.qasm,multiple_gate_insertion,0.04,1,0.8499999999999953,1
10,71,492,110,0,0,2,90,0,0,0,280,10,0,ising_n10.qasm,multiple_gate_insertion,0.04,2,0.8049999999999958,1
10,71,492,110,0,0,2,90,0,0,0,280,10,0,ising_n10.qasm,multiple_gate_insertion,0.05,0,0.8799999999999949,1
10,71,492,110,0,0,2,90,0,0,0,280,10,0,ising_n10.qasm,multiple_gate_insertion,0.05,1,0.8949999999999948,1
10,71,492,110,0,0,2,90,0,0,0,280,10,0,ising_n10.qasm,multiple_gate_insertion,0.05,2,0.8449999999999952,1
10,71,490,110,0,0,0,90,0,0,0,280,10,0,ising_n10.qasm,normal,0.005,0,0.749999999999997,0
10,71,490,110,0,0,0,90,0,0,0,280,10,0,ising_n10.qasm,normal,0.005,1,0.7149999999999969,0
10,71,490,110,0,0,0,90,0,0,0,280,10,0,ising_n10.qasm,normal,0.005,2,0.7199999999999971,0
10,71,490,110,0,0,0,90,0,0,0,280,10,0,ising_n10.qasm,normal,0.01,0,0.8099999999999955,0
10,71,490,110,0,0,0,90,0,0,0,280,10,0,ising_n10.qasm,normal,0.01,1,0.8099999999999956,0
10,71,490,110,0,0,0,90,0,0,0,280,10,0,ising_n10.qasm,normal,0.01,2,0.8349999999999963,0
10,71,490,110,0,0,0,90,0,0,0,280,10,0,ising_n10.qasm,normal,0.02,0,0.8399999999999952,0
10,71,490,110,0,0,0,90,0,0,0,280,10,0,ising_n10.qasm,normal,0.02,1,0.8799999999999943,0
10,71,490,110,0,0,0,90,0,0,0,280,10,0,ising_n10.qasm,normal,0.02,2,0.839999999999996,0
10,71,490,110,0,0,0,90,0,0,0,280,10,0,ising_n10.qasm,normal,0.03,0,0.8849999999999946,0
10,71,490,110,0,0,0,90,0,0,0,280,10,0,ising_n10.qasm,normal,0.03,1,0.8399999999999955,0
10,71,490,110,0,0,0,90,0,0,0,280,10,0,ising_n10.qasm,normal,0.03,2,0.8349999999999957,0
10,71,490,110,0,0,0,90,0,0,0,280,10,0,ising_n10.qasm,normal,0.04,0,0.8999999999999945,0
10,71,490,110,0,0,0,90,0,0,0,280,10,0,ising_n10.qasm,normal,0.04,1,0.8849999999999946,0
10,71,490,110,0,0,0,90,0,0,0,280,10,0,ising_n10.qasm,normal,0.04,2,0.8749999999999953,0
10,71,490,110,0,0,0,90,0,0,0,280,10,0,ising_n10.qasm,normal,0.05,0,0.8799999999999948,0
10,71,490,110,0,0,0,90,0,0,0,280,10,0,ising_n10.qasm,normal,0.05,1,0.8899999999999945,0
10,71,490,110,0,0,0,90,0,0,0,280,10,0,ising_n10.qasm,normal,0.05,2,0.8799999999999945,0
2,7,10,3,1,0,0,2,0,0,0,0,2,0,iswap_n2.qasm,gate_deletion,0.005,0,0.52,1
2,7,10,3,1,0,0,2,0,0,0,0,2,0,iswap_n2.qasm,gate_deletion,0.005,1,0.51,1
2,7,10,3,1,0,0,2,0,0,0,0,2,0,iswap_n2.qasm,gate_deletion,0.005,2,0.53,1
2,7,10,3,1,0,0,2,0,0,0,0,2,0,iswap_n2.qasm,gate_deletion,0.01,0,0.54,1
2,7,10,3,1,0,0,2,0,0,0,0,2,0,iswap_n2.qasm,gate_deletion,0.01,1,0.495,1
2,7,10,3,1,0,0,2,0,0,0,0,2,0,iswap_n2.qasm,gate_deletion,0.01,2,0.5449999999999999,1
2,7,10,3,1,0,0,2,0,0,0,0,2,0,iswap_n2.qasm,gate_deletion,0.02,0,0.5549999999999999,1
2,7,10,3,1,0,0,2,0,0,0,0,2,0,iswap_n2.qasm,gate_deletion,0.02,1,0.585,1
2,7,10,3,1,0,0,2,0,0,0,0,2,0,iswap_n2.qasm,gate_deletion,0.02,2,0.495,1
2,7,10,3,1,0,0,2,0,0,0,0,2,0,iswap_n2.qasm,gate_deletion,0.03,0,0.585,1
2,7,10,3,1,0,0,2,0,0,0,0,2,0,iswap_n2.qasm,gate_deletion,0.03,1,0.53,1
2,7,10,3,1,0,0,2,0,0,0,0,2,0,iswap_n2.qasm,gate_deletion,0.03,2,0.5,1
2,7,10,3,1,0,0,2,0,0,0,0,2,0,iswap_n2.qasm,gate_deletion,0.04,0,0.52,1
2,7,10,3,1,0,0,2,0,0,0,0,2,0,iswap_n2.qasm,gate_deletion,0.04,1,0.53,1
2,7,10,3,1,0,0,2,0,0,0,0,2,0,iswap_n2.qasm,gate_deletion,0.04,2,0.585,1
2,7,10,3,1,0,0,2,0,0,0,0,2,0,iswap_n2.qasm,gate_deletion,0.05,0,0.52,1
2,7,10,3,1,0,0,2,0,0,0,0,2,0,iswap_n2.qasm,gate_deletion,0.05,1,0.55,1
2,7,10,3,1,0,0,2,0,0,0,0,2,0,iswap_n2.qasm,gate_deletion,0.05,2,0.5549999999999999,1
2,9,12,5,1,0,0,2,0,0,0,0,2,0,iswap_n2.qasm,gate_insertion,0.005,0,0.56,1
2,9,12,5,1,0,0,2,0,0,0,0,2,0,iswap_n2.qasm,gate_insertion,0.005,1,0.515,1
2,9,12,5,1,0,0,2,0,0,0,0,2,0,iswap_n2.qasm,gate_insertion,0.005,2,0.515,1
2,9,12,5,1,0,0,2,0,0,0,0,2,0,iswap_n2.qasm,gate_insertion,0.01,0,0.53,1
2,9,12,5,1,0,0,2,0,0,0,0,2,0,iswap_n2.qasm,gate_insertion,0.01,1,0.48500000000000004,1
2,9,12,5,1,0,0,2,0,0,0,0,2,0,iswap_n2.qasm,gate_insertion,0.01,2,0.52,1
2,9,12,5,1,0,0,2,0,0,0,0,2,0,iswap_n2.qasm,gate_insertion,0.02,0,0.56,1
2,9,12,5,1,0,0,2,0,0,0,0,2,0,iswap_n2.qasm,gate_insertion,0.02,1,0.585,1
2,9,12,5,1,0,0,2,0,0,0,0,2,0,iswap_n2.qasm,gate_insertion,0.02,2,0.63,1
2,9,12,5,1,0,0,2,0,0,0,0,2,0,iswap_n2.qasm,gate_insertion,0.03,0,0.5199999999999999,1
2,9,12,5,1,0,0,2,0,0,0,0,2,0,iswap_n2.qasm,gate_insertion,0.03,1,0.555,1
2,9,12,5,1,0,0,2,0,0,0,0,2,0,iswap_n2.qasm,gate_insertion,0.03,2,0.5399999999999999,1
2,9,12,5,1,0,0,2,0,0,0,0,2,0,iswap_n2.qasm,gate_insertion,0.04,0,0.565,1
2,9,12,5,1,0,0,2,0,0,0,0,2,0,iswap_n2.qasm,gate_insertion,0.04,1,0.5700000000000001,1
2,9,12,5,1,0,0,2,0,0,0,0,2,0,iswap_n2.qasm,gate_insertion,0.04,2,0.5549999999999999,1
2,9,12,5,1,0,0,2,0,0,0,0,2,0,iswap_n2.qasm,gate_insertion,0.05,0,0.5700000000000001,1
2,9,12,5,1,0,0,2,0,0,0,0,2,0,iswap_n2.qasm,gate_insertion,0.05,1,0.5549999999999999,1
2,9,12,5,1,0,0,2,0,0,0,0,2,0,iswap_n2.qasm,gate_insertion,0.05,2,0.6000000000000001,1
2,8,11,4,2,0,0,2,0,0,0,0,2,0,iswap_n2.qasm,gate_substitution,0.005,0,0.975,1
2,8,11,4,2,0,0,2,0,0,0,0,2,0,iswap_n2.qasm,gate_substitution,0.005,1,0.985,1
2,8,11,4,2,0,0,2,0,0,0,0,2,0,iswap_n2.qasm,gate_substitution,0.005,2,0.9949999999999999,1
2,8,11,4,2,0,0,2,0,0,0,0,2,0,iswap_n2.qasm,gate_substitution,0.01,0,0.96,1
2,8,11,4,2,0,0,2,0,0,0,0,2,0,iswap_n2.qasm,gate_substitution,0.01,1,0.97,1
2,8,11,4,2,0,0,2,0,0,0,0,2,0,iswap_n2.qasm,gate_substitution,0.01,2,0.9450000000000001,1
2,8,11,4,2,0,0,2,0,0,0,0,2,0,iswap_n2.qasm,gate_substitution,0.02,0,0.97,1
2,8,11,4,2,0,0,2,0,0,0,0,2,0,iswap_n2.qasm,gate_substitution,0.02,1,0.925,1
2,8,11,4,2,0,0,2,0,0,0,0,2,0,iswap_n2.qasm,gate_substitution,0.02,2,0.95,1
2,8,11,4,2,0,0,2,0,0,0,0,2,0,iswap_n2.qasm,gate_substitution,0.03,0,0.9100000000000001,1
2,8,11,4,2,0,0,2,0,0,0,0,2,0,iswap_n2.qasm,gate_substitution,0.03,1,0.9550000000000001,1
2,8,11,4,2,0,0,2,0,0,0,0,2,0,iswap_n2.qasm,gate_substitution,0.03,2,0.905,1
2,8,11,4,2,0,0,2,0,0,0,0,2,0,iswap_n2.qasm,gate_substitution,0.04,0,0.925,1
2,8,11,4,2,0,0,2,0,0,0,0,2,0,iswap_n2.qasm,gate_substitution,0.04,1,0.895,1
2,8,11,4,2,0,0,2,0,0,0,0,2,0,iswap_n2.qasm,gate_substitution,0.04,2,0.9099999999999999,1
2,8,11,4,2,0,0,2,0,0,0,0,2,0,iswap_n2.qasm,gate_substitution,0.05,0,0.89,1
2,8,11,4,2,0,0,2,0,0,0,0,2,0,iswap_n2.qasm,gate_substitution,0.05,1,0.86,1
2,8,11,4,2,0,0,2,0,0,0,0,2,0,iswap_n2.qasm,gate_substitution,0.05,2,0.845,1
2,11,14,4,3,1,0,2,0,0,0,0,2,0,iswap_n2.qasm,multiple_gate_insertion,0.005,0,0.965,1
2,11,14,4,3,1,0,2,0,0,0,0,2,0,iswap_n2.qasm,multiple_gate_insertion,0.005,1,0.965,1
2,11,14,4,3,1,0,2,0,0,0,0,2,0,iswap_n2.qasm,multiple_gate_insertion,0.005,2,0.9799999999999999,1
2,11,14,4,3,1,0,2,0,0,0,0,2,0,iswap_n2.qasm,multiple_gate_insertion,0.01,0,0.99,1
2,11,14,4,3,1,0,2,0,0,0,0,2,0,iswap_n2.qasm,multiple_gate_insertion,0.01,1,0.985,1
2,11,14,4,3,1,0,2,0,0,0,0,2,0,iswap_n2.qasm,multiple_gate_insertion,0.01,2,0.92,1
2,11,14,4,3,1,0,2,0,0,0,0,2,0,iswap_n2.qasm,multiple_gate_insertion,0.02,0,0.8899999999999999,1
2,11,14,4,3,1,0,2,0,0,0,0,2,0,iswap_n2.qasm,multiple_gate_insertion,0.02,1,0.9,1
2,11,14,4,3,1,0,2,0,0,0,0,2,0,iswap_n2.qasm,multiple_gate_insertion,0.02,2,0.97,1
2,11,14,4,3,1,0,2,0,0,0,0,2,0,iswap_n2.qasm,multiple_gate_insertion,0.03,0,0.96,1
2,11,14,4,3,1,0,2,0,0,0,0,2,0,iswap_n2.qasm,multiple_gate_insertion,0.03,1,0.94,1
2,11,14,4,3,1,0,2,0,0,0,0,2,0,iswap_n2.qasm,multiple_gate_insertion,0.03,2,0.95,1
2,11,14,4,3,1,0,2,0,0,0,0,2,0,iswap_n2.qasm,multiple_gate_insertion,0.04,0,0.865,1
2,11,14,4,3,1,0,2,0,0,0,0,2,0,iswap_n2.qasm,multiple_gate_insertion,0.04,1,0.895,1
2,11,14,4,3,1,0,2,0,0,0,0,2,0,iswap_n2.qasm,multiple_gate_insertion,0.04,2,0.845,1
2,11,14,4,3,1,0,2,0,0,0,0,2,0,iswap_n2.qasm,multiple_gate_insertion,0.05,0,0.8499999999999999,1
2,11,14,4,3,1,0,2,0,0,0,0,2,0,iswap_n2.qasm,multiple_gate_insertion,0.05,1,0.83,1
2,11,14,4,3,1,0,2,0,0,0,0,2,0,iswap_n2.qasm,multiple_gate_insertion,0.05,2,0.8899999999999999,1
2,8,11,4,1,0,0,2,0,0,0,0,2,0,iswap_n2.qasm,normal,0.005,0,0.025000000000000012,0
2,8,11,4,1,0,0,2,0,0,0,0,2,0,iswap_n2.qasm,normal,0.005,1,0.030000000000000013,0
2,8,11,4,1,0,0,2,0,0,0,0,2,0,iswap_n2.qasm,normal,0.005,2,0.015000000000000008,0
2,8,11,4,1,0,0,2,0,0,0,0,2,0,iswap_n2.qasm,normal,0.01,0,0.06499999999999997,0
2,8,11,4,1,0,0,2,0,0,0,0,2,0,iswap_n2.qasm,normal,0.01,1,0.04500000000000002,0
2,8,11,4,1,0,0,2,0,0,0,0,2,0,iswap_n2.qasm,normal,0.01,2,0.050000000000000024,0
2,8,11,4,1,0,0,2,0,0,0,0,2,0,iswap_n2.qasm,normal,0.02,0,0.11499999999999999,0
2,8,11,4,1,0,0,2,0,0,0,0,2,0,iswap_n2.qasm,normal,0.02,1,0.12000000000000001,0
2,8,11,4,1,0,0,2,0,0,0,0,2,0,iswap_n2.qasm,normal,0.02,2,0.15500000000000003,0
2,8,11,4,1,0,0,2,0,0,0,0,2,0,iswap_n2.qasm,normal,0.03,0,0.20999999999999996,0
2,8,11,4,1,0,0,2,0,0,0,0,2,0,iswap_n2.qasm,normal,0.03,1,0.165,0
2,8,11,4,1,0,0,2,0,0,0,0,2,0,iswap_n2.qasm,normal,0.03,2,0.10999999999999999,0
2,8,11,4,1,0,0,2,0,0,0,0,2,0,iswap_n2.qasm,normal,0.04,0,0.18999999999999995,0
2,8,11,4,1,0,0,2,0,0,0,0,2,0,iswap_n2.qasm,normal,0.04,1,0.205,0
2,8,11,4,1,0,0,2,0,0,0,0,2,0,iswap_n2.qasm,normal,0.04,2,0.17500000000000004,0
2,8,11,4,1,0,0,2,0,0,0,0,2,0,iswap_n2.qasm,normal,0.05,0,0.24500000000000002,0
2,8,11,4,1,0,0,2,0,0,0,0,2,0,iswap_n2.qasm,normal,0.05,1,0.29500000000000004,0
2,8,11,4,1,0,0,2,0,0,0,0,2,0,iswap_n2.qasm,normal,0.05,2,0.225,0
3,12,21,12,0,0,0,4,0,0,0,0,3,0,linearsolver_n3.qasm,gate_deletion,0.005,0,0.815,1
3,12,21,12,0,0,0,4,0,0,0,0,3,0,linearsolver_n3.qasm,gate_deletion,0.005,1,0.795,1
3,12,21,12,0,0,0,4,0,0,0,0,3,0,linearsolver_n3.qasm,gate_deletion,0.005,2,0.8149999999999998,1
3,12,21,12,0,0,0,4,0,0,0,0,3,0,linearsolver_n3.qasm,gate_deletion,0.01,0,0.7350000000000001,1
3,12,21,12,0,0,0,4,0,0,0,0,3,0,linearsolver_n3.qasm,gate_deletion,0.01,1,0.77,1
3,12,21,12,0,0,0,4,0,0,0,0,3,0,linearsolver_n3.qasm,gate_deletion,0.01,2,0.725,1
3,12,21,12,0,0,0,4,0,0,0,0,3,0,linearsolver_n3.qasm,gate_deletion,0.02,0,0.755,1
3,12,21,12,0,0,0,4,0,0,0,0,3,0,linearsolver_n3.qasm,gate_deletion,0.02,1,0.77,1
3,12,21,12,0,0,0,4,0,0,0,0,3,0,linearsolver_n3.qasm,gate_deletion,0.02,2,0.7200000000000001,1
3,12,21,12,0,0,0,4,0,0,0,0,3,0,linearsolver_n3.qasm,gate_deletion,0.03,0,0.7249999999999999,1
3,12,21,12,0,0,0,4,0,0,0,0,3,0,linearsolver_n3.qasm,gate_deletion,0.03,1,0.6949999999999998,1
3,12,21,12,0,0,0,4,0,0,0,0,3,0,linearsolver_n3.qasm,gate_deletion,0.03,2,0.75,1
3,12,21,12,0,0,0,4,0,0,0,0,3,0,linearsolver_n3.qasm,gate_deletion,0.04,0,0.7599999999999999,1
3,12,21,12,0,0,0,4,0,0,0,0,3,0,linearsolver_n3.qasm,gate_deletion,0.04,1,0.78,1
3,12,21,12,0,0,0,4,0,0,0,0,3,0,linearsolver_n3.qasm,gate_deletion,0.04,2,0.69,1
3,12,21,12,0,0,0,4,0,0,0,0,3,0,linearsolver_n3.qasm,gate_deletion,0.05,0,0.72,1
3,12,21,12,0,0,0,4,0,0,0,0,3,0,linearsolver_n3.qasm,gate_deletion,0.05,1,0.735,1
3,12,21,12,0,0,0,4,0,0,0,0,3,0,linearsolver_n3.qasm,gate_deletion,0.05,2,0.7000000000000001,1
3,13,23,12,1,1,0,4,0,0,0,0,3,0,linearsolver_n3.qasm,gate_insertion,0.005,0,0.8450000000000001,1
3,13,23,12,1,1,0,4,0,0,0,0,3,0,linearsolver_n3.qasm,gate_insertion,0.005,1,0.8599999999999998,1
3,13,23,12,1,1,0,4,0,0,0,0,3,0,linearsolver_n3.qasm,gate_insertion,0.005,2,0.8499999999999999,1
3,13,23,12,1,1,0,4,0,0,0,0,3,0,linearsolver_n3.qasm,gate_insertion,0.01,0,0.8049999999999999,1
3,13,23,12,1,1,0,4,0,0,0,0,3,0,linearsolver_n3.qasm,gate_insertion,0.01,1,0.7899999999999999,1
3,13,23,12,1,1,0,4,0,0,0,0,3,0,linearsolver_n3.qasm,gate_insertion,0.01,2,0.7899999999999999,1
3,13,23,12,1,1,0,4,0,0,0,0,3,0,linearsolver_n3.qasm,gate_insertion,0.02,0,0.79,1
3,13,23,12,1,1,0,4,0,0,0,0,3,0,linearsolver_n3.qasm,gate_insertion,0.02,1,0.78,1
3,13,23,12,1,1,0,4,0,0,0,0,3,0,linearsolver_n3.qasm,gate_insertion,0.02,2,0.7699999999999999,1
3,13,23,12,1,1,0,4,0,0,0,0,3,0,linearsolver_n3.qasm,gate_insertion,0.03,0,0.755,1
3,13,23,12,1,1,0,4,0,0,0,0,3,0,linearsolver_n3.qasm,gate_insertion,0.03,1,0.735,1
3,13,23,12,1,1,0,4,0,0,0,0,3,0,linearsolver_n3.qasm,gate_insertion,0.03,2,0.75,1
3,13,23,12,1,1,0,4,0,0,0,0,3,0,linearsolver_n3.qasm,gate_insertion,0.04,0,0.7000000000000001,1
3,13,23,12,1,1,0,4,0,0,0,0,3,0,linearsolver_n3.qasm,gate_insertion,0.04,1,0.735,1
3,13,23,12,1,1,0,4,0,0,0,0,3,0,linearsolver_n3.qasm,gate_insertion,0.04,2,0.7499999999999999,1
3,13,23,12,1,1,0,4,0,0,0,0,3,0,linearsolver_n3.qasm,gate_insertion,0.05,0,0.715,1
3,13,23,12,1,1,0,4,0,0,0,0,3,0,linearsolver_n3.qasm,gate_insertion,0.05,1,0.74,1
3,13,23,12,1,1,0,4,0,0,0,0,3,0,linearsolver_n3.qasm,gate_insertion,0.05,2,0.6799999999999999,1
3,12,22,12,1,0,1,4,0,0,0,0,3,0,linearsolver_n3.qasm,gate_substitution,0.005,0,0.07,1
3,12,22,12,1,0,1,4,0,0,0,0,3,0,linearsolver_n3.qasm,gate_substitution,0.005,1,0.09,1
3,12,22,12,1,0,1,4,0,0,0,0,3,0,linearsolver_n3.qasm,gate_substitution,0.005,2,0.08499999999999999,1
3,12,22,12,1,0,1,4,0,0,0,0,3,0,linearsolver_n3.qasm,gate_substitution,0.01,0,0.07500000000000001,1
3,12,22,12,1,0,1,4,0,0,0,0,3,0,linearsolver_n3.qasm,gate_substitution,0.01,1,0.11999999999999995,1
3,12,22,12,1,0,1,4,0,0,0,0,3,0,linearsolver_n3.qasm,gate_substitution,0.01,2,0.10999999999999999,1
3,12,22,12,1,0,1,4,0,0,0,0,3,0,linearsolver_n3.qasm,gate_substitution,0.02,0,0.20499999999999996,1
3,12,22,12,1,0,1,4,0,0,0,0,3,0,linearsolver_n3.qasm,gate_substitution,0.02,1,0.20999999999999996,1
3,12,22,12,1,0,1,4,0,0,0,0,3,0,linearsolver_n3.qasm,gate_substitution,0.02,2,0.265,1
3,12,22,12,1,0,1,4,0,0,0,0,3,0,linearsolver_n3.qasm,gate_substitution,0.03,0,0.33,1
3,12,22,12,1,0,1,4,0,0,0,0,3,0,linearsolver_n3.qasm,gate_substitution,0.03,1,0.31000000000000005,1
3,12,22,12,1,0,1,4,0,0,0,0,3,0,linearsolver_n3.qasm,gate_substitution,0.03,2,0.265,1
3,12,22,12,1,0,1,4,0,0,0,0,3,0,linearsolver_n3.qasm,gate_substitution,0.04,0,0.32999999999999996,1
3,12,22,12,1,0,1,4,0,0,0,0,3,0,linearsolver_n3.qasm,gate_substitution,0.04,1,0.41999999999999993,1
3,12,22,12,1,0,1,4,0,0,0,0,3,0,linearsolver_n3.qasm,gate_substitution,0.04,2,0.33499999999999996,1
3,12,22,12,1,0,1,4,0,0,0,0,3,0,linearsolver_n3.qasm,gate_substitution,0.05,0,0.4050000000000001,1
3,12,22,12,1,0,1,4,0,0,0,0,3,0,linearsolver_n3.qasm,gate_substitution,0.05,1,0.39,1
3,12,22,12,1,0,1,4,0,0,0,0,3,0,linearsolver_n3.qasm,gate_substitution,0.05,2,0.4600000000000001,1
3,13,24,13,1,1,0,4,0,0,0,0,3,0,linearsolver_n3.qasm,multiple_gate_insertion,0.005,0,0.9949999999999999,1
3,13,24,13,1,1,0,4,0,0,0,0,3,0,linearsolver_n3.qasm,multiple_gate_insertion,0.005,1,0.9249999999999998,1
3,13,24,13,1,1,0,4,0,0,0,0,3,0,linearsolver_n3.qasm,multiple_gate_insertion,0.005,2,0.9599999999999999,1
3,13,24,13,1,1,0,4,0,0,0,0,3,0,linearsolver_n3.qasm,multiple_gate_insertion,0.01,0,0.95,1
3,13,24,13,1,1,0,4,0,0,0,0,3,0,linearsolver_n3.qasm,multiple_gate_insertion,0.01,1,0.93,1
3,13,24,13,1,1,0,4,0,0,0,0,3,0,linearsolver_n3.qasm,multiple_gate_insertion,0.01,2,0.94,1
3,13,24,13,1,1,0,4,0,0,0,0,3,0,linearsolver_n3.qasm,multiple_gate_insertion,0.02,0,0.8599999999999999,1
3,13,24,13,1,1,0,4,0,0,0,0,3,0,linearsolver_n3.qasm,multiple_gate_insertion,0.02,1,0.8699999999999999,1
3,13,24,13,1,1,0,4,0,0,0,0,3,0,linearsolver_n3.qasm,multiple_gate_insertion,0.02,2,0.8799999999999999,1
3,13,24,13,1,1,0,4,0,0,0,0,3,0,linearsolver_n3.qasm,multiple_gate_insertion,0.03,0,0.84,1
3,13,24,13,1,1,0,4,0,0,0,0,3,0,linearsolver_n3.qasm,multiple_gate_insertion,0.03,1,0.87,1
3,13,24,13,1,1,0,4,0,0,0,0,3,0,linearsolver_n3.qasm,multiple_gate_insertion,0.03,2,0.8549999999999999,1
3,13,24,13,1,1,0,4,0,0,0,0,3,0,linearsolver_n3.qasm,multiple_gate_insertion,0.04,0,0.835,1
3,13,24,13,1,1,0,4,0,0,0,0,3,0,linearsolver_n3.qasm,multiple_gate_insertion,0.04,1,0.8250000000000001,1
3,13,24,13,1,1,0,4,0,0,0,0,3,0,linearsolver_n3.qasm,multiple_gate_insertion,0.04,2,0.8099999999999999,1
3,13,24,13,1,1,0,4,0,0,0,0,3,0,linearsolver_n3.qasm,multiple_gate_insertion,0.05,0,0.815,1
3,13,24,13,1,1,0,4,0,0,0,0,3,0,linearsolver_n3.qasm,multiple_gate_insertion,0.05,1,0.8099999999999999,1
3,13,24,13,1,1,0,4,0,0,0,0,3,0,linearsolver_n3.qasm,multiple_gate_insertion,0.05,2,0.81,1
3,12,22,12,1,0,0,4,0,0,0,0,3,0,linearsolver_n3.qasm,normal,0.005,0,0.04500000000000002,0
3,12,22,12,1,0,0,4,0,0,0,0,3,0,linearsolver_n3.qasm,normal,0.005,1,0.08999999999999997,0
3,12,22,12,1,0,0,4,0,0,0,0,3,0,linearsolver_n3.qasm,normal,0.005,2,0.08499999999999999,0
3,12,22,12,1,0,0,4,0,0,0,0,3,0,linearsolver_n3.qasm,normal,0.01,0,0.15000000000000002,0
3,12,22,12,1,0,0,4,0,0,0,0,3,0,linearsolver_n3.qasm,normal,0.01,1,0.11499999999999996,0
3,12,22,12,1,0,0,4,0,0,0,0,3,0,linearsolver_n3.qasm,normal,0.01,2,0.10999999999999999,0
3,12,22,12,1,0,0,4,0,0,0,0,3,0,linearsolver_n3.qasm,normal,0.02,0,0.22999999999999998,0
3,12,22,12,1,0,0,4,0,0,0,0,3,0,linearsolver_n3.qasm,normal,0.02,1,0.245,0
3,12,22,12,1,0,0,4,0,0,0,0,3,0,linearsolver_n3.qasm,normal,0.02,2,0.19499999999999998,0
3,12,22,12,1,0,0,4,0,0,0,0,3,0,linearsolver_n3.qasm,normal,0.03,0,0.3,0
3,12,22,12,1,0,0,4,0,0,0,0,3,0,linearsolver_n3.qasm,normal,0.03,1,0.30999999999999994,0
3,12,22,12,1,0,0,4,0,0,0,0,3,0,linearsolver_n3.qasm,normal,0.03,2,0.285,0
3,12,22,12,1,0,0,4,0,0,0,0,3,0,linearsolver_n3.qasm,normal,0.04,0,0.43,0
3,12,22,12,1,0,0,4,0,0,0,0,3,0,linearsolver_n3.qasm,normal,0.04,1,0.27999999999999997,0
3,12,22,12,1,0,0,4,0,0,0,0,3,0,linearsolver_n3.qasm,normal,0.04,2,0.34500000000000003,0
3,12,22,12,1,0,0,4,0,0,0,0,3,0,linearsolver_n3.qasm,normal,0.05,0,0.42,0
3,12,22,12,1,0,0,4,0,0,0,0,3,0,linearsolver_n3.qasm,normal,0.05,1,0.43499999999999994,0
3,12,22,12,1,0,0,4,0,0,0,0,3,0,linearsolver_n3.qasm,normal,0.05,2,0.445,0
5,5,15,8,0,0,0,2,0,0,0,0,5,0,lpn_n5.qasm,gate_deletion,0.005,0,0.495,1
5,5,15,8,0,0,0,2,0,0,0,0,5,0,lpn_n5.qasm,gate_deletion,0.005,1,0.515,1
5,5,15,8,0,0,0,2,0,0,0,0,5,0,lpn_n5.qasm,gate_deletion,0.005,2,0.51,1
5,5,15,8,0,0,0,2,0,0,0,0,5,0,lpn_n5.qasm,gate_deletion,0.01,0,0.53,1
5,5,15,8,0,0,0,2,0,0,0,0,5,0,lpn_n5.qasm,gate_deletion,0.01,1,0.52,1
5,5,15,8,0,0,0,2,0,0,0,0,5,0,lpn_n5.qasm,gate_deletion,0.01,2,0.535,1
5,5,15,8,0,0,0,2,0,0,0,0,5,0,lpn_n5.qasm,gate_deletion,0.02,0,0.5050000000000001,1
5,5,15,8,0,0,0,2,0,0,0,0,5,0,lpn_n5.qasm,gate_deletion,0.02,1,0.59,1
5,5,15,8,0,0,0,2,0,0,0,0,5,0,lpn_n5.qasm,gate_deletion,0.02,2,0.5650000000000001,1
5,5,15,8,0,0,0,2,0,0,0,0,5,0,lpn_n5.qasm,gate_deletion,0.03,0,0.585,1
5,5,15,8,0,0,0,2,0,0,0,0,5,0,lpn_n5.qasm,gate_deletion,0.03,1,0.6100000000000001,1
5,5,15,8,0,0,0,2,0,0,0,0,5,0,lpn_n5.qasm,gate_deletion,0.03,2,0.55,1
5,5,15,8,0,0,0,2,0,0,0,0,5,0,lpn_n5.qasm,gate_deletion,0.04,0,0.62,1
5,5,15,8,0,0,0,2,0,0,0,0,5,0,lpn_n5.qasm,gate_deletion,0.04,1,0.6699999999999999,1
5,5,15,8,0,0,0,2,0,0,0,0,5,0,lpn_n5.qasm,gate_deletion,0.04,2,0.575,1
5,5,15,8,0,0,0,2,0,0,0,0,5,0,lpn_n5.qasm,gate_deletion,0.05,0,0.5700000000000001,1
5,5,15,8,0,0,0,2,0,0,0,0,5,0,lpn_n5.qasm,gate_deletion,0.05,1,0.59,1
5,5,15,8,0,0,0,2,0,0,0,0,5,0,lpn_n5.qasm,gate_deletion,0.05,2,0.545,1
5,5,17,9,0,1,0,2,0,0,0,0,5,0,lpn_n5.qasm,gate_insertion,0.005,0,0.9999999999999999,1
5,5,17,9,0,1,0,2,0,0,0,0,5,0,lpn_n5.qasm,gate_insertion,0.005,1,0.99,1
5,5,17,9,0,1,0,2,0,0,0,0,5,0,lpn_n5.qasm,gate_insertion,0.005,2,0.9999999999999999,1
5,5,17,9,0,1,0,2,0,0,0,0,5,0,lpn_n5.qasm,gate_insertion,0.01,0,0.9999999999999999,1
5,5,17,9,0,1,0,2,0,0,0,0,5,0,lpn_n5.qasm,gate_insertion,0.01,1,0.995,1
5,5,17,9,0,1,0,2,0,0,0,0,5,0,lpn_n5.qasm,gate_insertion,0.01,2,0.9849999999999999,1
5,5,17,9,0,1,0,2,0,0,0,0,5,0,lpn_n5.qasm,gate_insertion,0.02,0,0.9599999999999999,1
5,5,17,9,0,1,0,2,0,0,0,0,5,0,lpn_n5.qasm,gate_insertion,0.02,1,0.97,1
5,5,17,9,0,1,0,2,0,0,0,0,5,0,lpn_n5.qasm,gate_insertion,0.02,2,0.955,1
5,5,17,9,0,1,0,2,0,0,0,0,5,0,lpn_n5.qasm,gate_insertion,0.03,0,0.97,1
5,5,17,9,0,1,0,2,0,0,0,0,5,0,lpn_n5.qasm,gate_insertion,0.03,1,0.965,1
5,5,17,9,0,1,0,2,0,0,0,0,5,0,lpn_n5.qasm,gate_insertion,0.03,2,0.975,1
5,5,17,9,0,1,0,2,0,0,0,0,5,0,lpn_n5.qasm,gate_insertion,0.04,0,0.975,1
5,5,17,9,0,1,0,2,0,0,0,0,5,0,lpn_n5.qasm,gate_insertion,0.04,1,0.9499999999999998,1
5,5,17,9,0,1,0,2,0,0,0,0,5,0,lpn_n5.qasm,gate_insertion,0.04,2,0.9650000000000001,1
5,5,17,9,0,1,0,2,0,0,0,0,5,0,lpn_n5.qasm,gate_insertion,0.05,0,0.965,1
5,5,17,9,0,1,0,2,0,0,0,0,5,0,lpn_n5.qasm,gate_insertion,0.05,1,0.965,1
5,5,17,9,0,1,0,2,0,0,0,0,5,0,lpn_n5.qasm,gate_insertion,0.05,2,0.9249999999999999,1
5,5,16,8,1,0,0,2,0,0,0,0,5,0,lpn_n5.qasm,gate_substitution,0.005,0,0.52,1
5,5,16,8,1,0,0,2,0,0,0,0,5,0,lpn_n5.qasm,gate_substitution,0.005,1,0.515,1
5,5,16,8,1,0,0,2,0,0,0,0,5,0,lpn_n5.qasm,gate_substitution,0.005,2,0.54,1
5,5,16,8,1,0,0,2,0,0,0,0,5,0,lpn_n5.qasm,gate_substitution,0.01,0,0.49,1
5,5,16,8,1,0,0,2,0,0,0,0,5,0,lpn_n5.qasm,gate_substitution,0.01,1,0.46,1
5,5,16,8,1,0,0,2,0,0,0,0,5,0,lpn_n5.qasm,gate_substitution,0.01,2,0.475,1
5,5,16,8,1,0,0,2,0,0,0,0,5,0,lpn_n5.qasm,gate_substitution,0.02,0,0.545,1
5,5,16,8,1,0,0,2,0,0,0,0,5,0,lpn_n5.qasm,gate_substitution,0.02,1,0.565,1
5,5,16,8,1,0,0,2,0,0,0,0,5,0,lpn_n5.qasm,gate_substitution,0.02,2,0.515,1
5,5,16,8,1,0,0,2,0,0,0,0,5,0,lpn_n5.qasm,gate_substitution,0.03,0,0.5449999999999999,1
5,5,16,8,1,0,0,2,0,0,0,0,5,0,lpn_n5.qasm,gate_substitution,0.03,1,0.55,1
5,5,16,8,1,0,0,2,0,0,0,0,5,0,lpn_n5.qasm,gate_substitution,0.03,2,0.56,1
5,5,16,8,1,0,0,2,0,0,0,0,5,0,lpn_n5.qasm,gate_substitution,0.04,0,0.5399999999999999,1
5,5,16,8,1,0,0,2,0,0,0,0,5,0,lpn_n5.qasm,gate_substitution,0.04,1,0.545,1
5,5,16,8,1,0,0,2,0,0,0,0,5,0,lpn_n5.qasm,gate_substitution,0.04,2,0.5950000000000001,1
5,5,16,8,1,0,0,2,0,0,0,0,5,0,lpn_n5.qasm,gate_substitution,0.05,0,0.54,1
5,5,16,8,1,0,0,2,0,0,0,0,5,0,lpn_n5.qasm,gate_substitution,0.05,1,0.6299999999999999,1
5,5,16,8,1,0,0,2,0,0,0,0,5,0,lpn_n5.qasm,gate_substitution,0.05,2,0.5650000000000001,1
5,6,19,11,1,0,0,2,0,0,0,0,5,0,lpn_n5.qasm,multiple_gate_insertion,0.005,0,0.98,1
5,6,19,11,1,0,0,2,0,0,0,0,5,0,lpn_n5.qasm,multiple_gate_insertion,0.005,1,0.9950000000000001,1
5,6,19,11,1,0,0,2,0,0,0,0,5,0,lpn_n5.qasm,multiple_gate_insertion,0.005,2,0.995,1
5,6,19,11,1,0,0,2,0,0,0,0,5,0,lpn_n5.qasm,multiple_gate_insertion,0.01,0,1.0,1
5,6,19,11,1,0,0,2,0,0,0,0,5,0,lpn_n5.qasm,multiple_gate_insertion,0.01,1,0.9899999999999999,1
5,6,19,11,1,0,0,2,0,0,0,0,5,0,lpn_n5.qasm,multiple_gate_insertion,0.01,2,0.99,1
5,6,19,11,1,0,0,2,0,0,0,0,5,0,lpn_n5.qasm,multiple_gate_insertion,0.02,0,0.985,1
5,6,19,11,1,0,0,2,0,0,0,0,5,0,lpn_n5.qasm,multiple_gate_insertion,0.02,1,0.975,1
5,6,19,11,1,0,0,2,0,0,0,0,5,0,lpn_n5.qasm,multiple_gate_insertion,0.02,2,0.99,1
5,6,19,11,1,0,0,2,0,0,0,0,5,0,lpn_n5.qasm,multiple_gate_insertion,0.03,0,0.9600000000000002,1
5,6,19,11,1,0,0,2,0,0,0,0,5,0,lpn_n5.qasm,multiple_gate_insertion,0.03,1,0.9349999999999998,1
5,6,19,11,1,0,0,2,0,0,0,0,5,0,lpn_n5.qasm,multiple_gate_insertion,0.03,2,0.98,1
5,6,19,11,1,0,0,2,0,0,0,0,5,0,lpn_n5.qasm,multiple_gate_insertion,0.04,0,0.95,1
5,6,19,11,1,0,0,2,0,0,0,0,5,0,lpn_n5.qasm,multiple_gate_insertion,0.04,1,0.97,1
5,6,19,11,1,0,0,2,0,0,0,0,5,0,lpn_n5.qasm,multiple_gate_insertion,0.04,2,0.945,1
5,6,19,11,1,0,0,2,0,0,0,0,5,0,lpn_n5.qasm,multiple_gate_insertion,0.05,0,0.95,1
5,6,19,11,1,0,0,2,0,0,0,0,5,0,lpn_n5.qasm,multiple_gate_insertion,0.05,1,0.9599999999999999,1
5,6,19,11,1,0,0,2,0,0,0,0,5,0,lpn_n5.qasm,multiple_gate_insertion,0.05,2,0.9650000000000001,1
5,5,16,9,0,0,0,2,0,0,0,0,5,0,lpn_n5.qasm,normal,0.005,0,0.06000000000000002,0
5,5,16,9,0,0,0,2,0,0,0,0,5,0,lpn_n5.qasm,normal,0.005,1,0.03000000000000001,0
5,5,16,9,0,0,0,2,0,0,0,0,5,0,lpn_n5.qasm,normal,0.005,2,0.06000000000000001,0
5,5,16,9,0,0,0,2,0,0,0,0,5,0,lpn_n5.qasm,normal,0.01,0,0.1,0
5,5,16,9,0,0,0,2,0,0,0,0,5,0,lpn_n5.qasm,normal,0.01,1,0.09500000000000006,0
5,5,16,9,0,0,0,2,0,0,0,0,5,0,lpn_n5.qasm,normal,0.01,2,0.03999999999999999,0
5,5,16,9,0,0,0,2,0,0,0,0,5,0,lpn_n5.qasm,normal,0.02,0,0.10499999999999998,0
5,5,16,9,0,0,0,2,0,0,0,0,5,0,lpn_n5.qasm,normal,0.02,1,0.18,0
5,5,16,9,0,0,0,2,0,0,0,0,5,0,lpn_n5.qasm,normal,0.02,2,0.115,0
5,5,16,9,0,0,0,2,0,0,0,0,5,0,lpn_n5.qasm,normal,0.03,0,0.15000000000000002,0
5,5,16,9,0,0,0,2,0,0,0,0,5,0,lpn_n5.qasm,normal,0.03,1,0.22499999999999998,0
5,5,16,9,0,0,0,2,0,0,0,0,5,0,lpn_n5.qasm,normal,0.03,2,0.18000000000000002,0
5,5,16,9,0,0,0,2,0,0,0,0,5,0,lpn_n5.qasm,normal,0.04,0,0.22000000000000008,0
5,5,16,9,0,0,0,2,0,0,0,0,5,0,lpn_n5.qasm,normal,0.04,1,0.21500000000000002,0
5,5,16,9,0,0,0,2,0,0,0,0,5,0,lpn_n5.qasm,normal,0.04,2,0.22,0
5,5,16,9,0,0,0,2,0,0,0,0,5,0,lpn_n5.qasm,normal,0.05,0,0.31000000000000005,0
5,5,16,9,0,0,0,2,0,0,0,0,5,0,lpn_n5.qasm,normal,0.05,1,0.31000000000000005,0
5,5,16,9,0,0,0,2,0,0,0,0,5,0,lpn_n5.qasm,normal,0.05,2,0.265,0
3,10,17,3,0,0,0,5,0,3,0,3,3,0,qaoa_n3.qasm,gate_deletion,0.005,0,0.135,1
3,10,17,3,0,0,0,5,0,3,0,3,3,0,qaoa_n3.qasm,gate_deletion,0.005,1,0.1,1
3,10,17,3,0,0,0,5,0,3,0,3,3,0,qaoa_n3.qasm,gate_deletion,0.005,2,0.10000000000000002,1
3,10,17,3,0,0,0,5,0,3,0,3,3,0,qaoa_n3.qasm,gate_deletion,0.01,0,0.08499999999999999,1
3,10,17,3,0,0,0,5,0,3,0,3,3,0,qaoa_n3.qasm,gate_deletion,0.01,1,0.13,1
3,10,17,3,0,0,0,5,0,3,0,3,3,0,qaoa_n3.qasm,gate_deletion,0.01,2,0.14,1
3,10,17,3,0,0,0,5,0,3,0,3,3,0,qaoa_n3.qasm,gate_deletion,0.02,0,0.14500000000000002,1
3,10,17,3,0,0,0,5,0,3,0,3,3,0,qaoa_n3.qasm,gate_deletion,0.02,1,0.12,1
3,10,17,3,0,0,0,5,0,3,0,3,3,0,qaoa_n3.qasm,gate_deletion,0.02,2,0.13,1
3,10,17,3,0,0,0,5,0,3,0,3,3,0,qaoa_n3.qasm,gate_deletion,0.03,0,0.12,1
3,10,17,3,0,0,0,5,0,3,0,3,3,0,qaoa_n3.qasm,gate_deletion,0.03,1,0.14500000000000005,1
3,10,17,3,0,0,0,5,0,3,0,3,3,0,qaoa_n3.qasm,gate_deletion,0.03,2,0.14,1
3,10,17,3,0,0,0,5,0,3,0,3,3,0,qaoa_n3.qasm,gate_deletion,0.04,0,0.195,1
3,10,17,3,0,0,0,5,0,3,0,3,3,0,qaoa_n3.qasm,gate_deletion,0.04,1,0.15000000000000002,1
3,10,17,3,0,0,0,5,0,3,0,3,3,0,qaoa_n3.qasm,gate_deletion,0.04,2,0.12000000000000002,1
3,10,17,3,0,0,0,5,0,3,0,3,3,0,qaoa_n3.qasm,gate_deletion,0.05,0,0.185,1
3,10,17,3,0,0,0,5,0,3,0,3,3,0,qaoa_n3.qasm,gate_deletion,0.05,1,0.165,1
3,10,17,3,0,0,0,5,0,3,0,3,3,0,qaoa_n3.qasm,gate_deletion,0.05,2,0.13,1
3,13,19,4,0,0,0,6,0,3,0,3,3,0,qaoa_n3.qasm,gate_insertion,0.005,0,0.4799999999999999,1
3,13,19,4,0,0,0,6,0,3,0,3,3,0,qaoa_n3.qasm,gate_insertion,0.005,1,0.47000000000000003,1
3,13,19,4,0,0,0,6,0,3,0,3,3,0,qaoa_n3.qasm,gate_insertion,0.005,2,0.4700000000000001,1
3,13,19,4,0,0,0,6,0,3,0,3,3,0,qaoa_n3.qasm,gate_insertion,0.01,0,0.42,1
3,13,19,4,0,0,0,6,0,3,0,3,3,0,qaoa_n3.qasm,gate_insertion,0.01,1,0.4649999999999999,1
3,13,19,4,0,0,0,6,0,3,0,3,3,0,qaoa_n3.qasm,gate_insertion,0.01,2,0.44,1
3,13,19,4,0,0,0,6,0,3,0,3,3,0,qaoa_n3.qasm,gate_insertion,0.02,0,0.415,1
3,13,19,4,0,0,0,6,0,3,0,3,3,0,qaoa_n3.qasm,gate_insertion,0.02,1,0.4,1
3,13,19,4,0,0,0,6,0,3,0,3,3,0,qaoa_n3.qasm,gate_insertion,0.02,2,0.43,1
3,13,19,4,0,0,0,6,0,3,0,3,3,0,qaoa_n3.qasm,gate_insertion,0.03,0,0.32499999999999996,1
3,13,19,4,0,0,0,6,0,3,0,3,3,0,qaoa_n3.qasm,gate_insertion,0.03,1,0.3450000000000001,1
3,13,19,4,0,0,0,6,0,3,0,3,3,0,qaoa_n3.qasm,gate_insertion,0.03,2,0.3899999999999999,1
3,13,19,4,0,0,0,6,0,3,0,3,3,0,qaoa_n3.qasm,gate_insertion,0.04,0,0.295,1
3,13,19,4,0,0,0,6,0,3,0,3,3,0,qaoa_n3.qasm,gate_insertion,0.04,1,0.27,1
3,13,19,4,0,0,0,6,0,3,0,3,3,0,qaoa_n3.qasm,gate_insertion,0.04,2,0.33999999999999997,1
3,13,19,4,0,0,0,6,0,3,0,3,3,0,qaoa_n3.qasm,gate_insertion,0.05,0,0.335,1
3,13,19,4,0,0,0,6,0,3,0,3,3,0,qaoa_n3.qasm,gate_insertion,0.05,1,0.36500000000000005,1
3,13,19,4,0,0,0,6,0,3,0,3,3,0,qaoa_n3.qasm,gate_insertion,0.05,2,0.295,1
3,12,18,2,0,0,1,6,0,3,0,3,3,0,qaoa_n3.qasm,gate_substitution,0.005,0,0.21,1
3,12,18,2,0,0,1,6,0,3,0,3,3,0,qaoa_n3.qasm,gate_substitution,0.005,1,0.27499999999999997,1
3,12,18,2,0,0,1,6,0,3,0,3,3,0,qaoa_n3.qasm,gate_substitution,0.005,2,0.29500000000000004,1
3,12,18,2,0,0,1,6,0,3,0,3,3,0,qaoa_n3.qasm,gate_substitution,0.01,0,0.26,1
3,12,18,2,0,0,1,6,0,3,0,3,3,0,qaoa_n3.qasm,gate_substitution,0.01,1,0.235,1
3,12,18,2,0,0,1,6,0,3,0,3,3,0,qaoa_n3.qasm,gate_substitution,0.01,2,0.28,1
3,12,18,2,0,0,1,6,0,3,0,3,3,0,qaoa_n3.qasm,gate_substitution,0.02,0,0.245,1
3,12,18,2,0,0,1,6,0,3,0,3,3,0,qaoa_n3.qasm,gate_substitution,0.02,1,0.22999999999999998,1
3,12,18,2,0,0,1,6,0,3,0,3,3,0,qaoa_n3.qasm,gate_substitution,0.02,2,0.275,1
3,12,18,2,0,0,1,6,0,3,0,3,3,0,qaoa_n3.qasm,gate_substitution,0.03,0,0.22499999999999998,1
3,12,18,2,0,0,1,6,0,3,0,3,3,0,qaoa_n3.qasm,gate_substitution,0.03,1,0.195,1
3,12,18,2,0,0,1,6,0,3,0,3,3,0,qaoa_n3.qasm,gate_substitution,0.03,2,0.17000000000000004,1
3,12,18,2,0,0,1,6,0,3,0,3,3,0,qaoa_n3.qasm,gate_substitution,0.04,0,0.185,1
3,12,18,2,0,0,1,6,0,3,0,3,3,0,qaoa_n3.qasm,gate_substitution,0.04,1,0.23500000000000004,1
3,12,18,2,0,0,1,6,0,3,0,3,3,0,qaoa_n3.qasm,gate_substitution,0.04,2,0.22,1
3,12,18,2,0,0,1,6,0,3,0,3,3,0,qaoa_n3.qasm,gate_substitution,0.05,0,0.15500000000000003,1
3,12,18,2,0,0,1,6,0,3,0,3,3,0,qaoa_n3.qasm,gate_substitution,0.05,1,0.235,1
3,12,18,2,0,0,1,6,0,3,0,3,3,0,qaoa_n3.qasm,gate_substitution,0.05,2,0.14500000000000002,1
3,13,20,3,1,0,1,6,0,3,0,3,3,0,qaoa_n3.qasm,multiple_gate_insertion,0.005,0,0.4050000000000001,1
3,13,20,3,1,0,1,6,0,3,0,3,3,0,qaoa_n3.qasm,multiple_gate_insertion,0.005,1,0.3950000000000001,1
3,13,20,3,1,0,1,6,0,3,0,3,3,0,qaoa_n3.qasm,multiple_gate_insertion,0.005,2,0.45499999999999996,1
3,13,20,3,1,0,1,6,0,3,0,3,3,0,qaoa_n3.qasm,multiple_gate_insertion,0.01,0,0.385,1
3,13,20,3,1,0,1,6,0,3,0,3,3,0,qaoa_n3.qasm,multiple_gate_insertion,0.01,1,0.42,1
3,13,20,3,1,0,1,6,0,3,0,3,3,0,qaoa_n3.qasm,multiple_gate_insertion,0.01,2,0.39000000000000007,1
3,13,20,3,1,0,1,6,0,3,0,3,3,0,qaoa_n3.qasm,multiple_gate_insertion,0.02,0,0.38,1
3,13,20,3,1,0,1,6,0,3,0,3,3,0,qaoa_n3.qasm,multiple_gate_insertion,0.02,1,0.365,1
3,13,20,3,1,0,1,6,0,3,0,3,3,0,qaoa_n3.qasm,multiple_gate_insertion,0.02,2,0.36500000000000005,1
3,13,20,3,1,0,1,6,0,3,0,3,3,0,qaoa_n3.qasm,multiple_gate_insertion,0.03,0,0.33000000000000007,1
3,13,20,3,1,0,1,6,0,3,0,3,3,0,qaoa_n3.qasm,multiple_gate_insertion,0.03,1,0.3550000000000001,1
3,13,20,3,1,0,1,6,0,3,0,3,3,0,qaoa_n3.qasm,multiple_gate_insertion,0.03,2,0.3400000000000001,1
3,13,20,3,1,0,1,6,0,3,0,3,3,0,qaoa_n3.qasm,multiple_gate_insertion,0.04,0,0.30000000000000004,1
3,13,20,3,1,0,1,6,0,3,0,3,3,0,qaoa_n3.qasm,multiple_gate_insertion,0.04,1,0.33000000000000007,1
3,13,20,3,1,0,1,6,0,3,0,3,3,0,qaoa_n3.qasm,multiple_gate_insertion,0.04,2,0.29,1
3,13,20,3,1,0,1,6,0,3,0,3,3,0,qaoa_n3.qasm,multiple_gate_insertion,0.05,0,0.305,1
3,13,20,3,1,0,1,6,0,3,0,3,3,0,qaoa_n3.qasm,multiple_gate_insertion,0.05,1,0.24999999999999997,1
3,13,20,3,1,0,1,6,0,3,0,3,3,0,qaoa_n3.qasm,multiple_gate_insertion,0.05,2,0.32500000000000007,1
3,12,18,3,0,0,0,6,0,3,0,3,3,0,qaoa_n3.qasm,normal,0.005,0,0.059999999999999984,0
3,12,18,3,0,0,0,6,0,3,0,3,3,0,qaoa_n3.qasm,normal,0.005,1,0.08499999999999998,0
3,12,18,3,0,0,0,6,0,3,0,3,3,0,qaoa_n3.qasm,normal,0.005,2,0.06499999999999997,0
3,12,18,3,0,0,0,6,0,3,0,3,3,0,qaoa_n3.qasm,normal,0.01,0,0.060000000000000005,0
3,12,18,3,0,0,0,6,0,3,0,3,3,0,qaoa_n3.qasm,normal,0.01,1,0.11499999999999999,0
3,12,18,3,0,0,0,6,0,3,0,3,3,0,qaoa_n3.qasm,normal,0.01,2,0.05000000000000001,0
3,12,18,3,0,0,0,6,0,3,0,3,3,0,qaoa_n3.qasm,normal,0.02,0,0.10999999999999997,0
3,12,18,3,0,0,0,6,0,3,0,3,3,0,qaoa_n3.qasm,normal,0.02,1,0.06500000000000002,0
3,12,18,3,0,0,0,6,0,3,0,3,3,0,qaoa_n3.qasm,normal,0.02,2,0.13999999999999999,0
3,12,18,3,0,0,0,6,0,3,0,3,3,0,qaoa_n3.qasm,normal,0.03,0,0.17,0
3,12,18,3,0,0,0,6,0,3,0,3,3,0,qaoa_n3.qasm,normal,0.03,1,0.065,0
3,12,18,3,0,0,0,6,0,3,0,3,3,0,qaoa_n3.qasm,normal,0.03,2,0.08499999999999999,0
3,12,18,3,0,0,0,6,0,3,0,3,3,0,qaoa_n3.qasm,normal,0.04,0,0.11499999999999999,0
3,12,18,3,0,0,0,6,0,3,0,3,3,0,qaoa_n3.qasm,normal,0.04,1,0.11999999999999997,0
3,12,18,3,0,0,0,6,0,3,0,3,3,0,qaoa_n3.qasm,normal,0.04,2,0.14499999999999996,0
3,12,18,3,0,0,0,6,0,3,0,3,3,0,qaoa_n3.qasm,normal,0.05,0,0.09999999999999999,0
3,12,18,3,0,0,0,6,0,3,0,3,3,0,qaoa_n3.qasm,normal,0.05,1,0.17000000000000004,0
3,12,18,3,0,0,0,6,0,3,0,3,3,0,qaoa_n3.qasm,normal,0.05,2,0.11500000000000002,0
6,110,275,6,0,0,0,54,0,65,18,54,6,0,qaoa_n6.qasm,gate_deletion,0.005,0,0.38500000000000023,1
6,110,275,6,0,0,0,54,0,65,18,54,6,0,qaoa_n6.qasm,gate_deletion,0.005,1,0.42500000000000027,1
6,110,275,6,0,0,0,54,0,65,18,54,6,0,qaoa_n6.qasm,gate_deletion,0.005,2,0.3750000000000002,1
6,110,275,6,0,0,0,54,0,65,18,54,6,0,qaoa_n6.qasm,gate_deletion,0.01,0,0.43000000000000027,1
6,110,275,6,0,0,0,54,0,65,18,54,6,0,qaoa_n6.qasm,gate_deletion,0.01,1,0.38500000000000023,1
6,110,275,6,0,0,0,54,0,65,18,54,6,0,qaoa_n6.qasm,gate_deletion,0.01,2,0.3650000000000002,1
6,110,275,6,0,0,0,54,0,65,18,54,6,0,qaoa_n6.qasm,gate_deletion,0.02,0,0.3950000000000002,1
6,110,275,6,0,0,0,54,0,65,18,54,6,0,qaoa_n6.qasm,gate_deletion,0.02,1,0.4200000000000002,1
6,110,275,6,0,0,0,54,0,65,18,54,6,0,qaoa_n6.qasm,gate_deletion,0.02,2,0.39500000000000024,1
6,110,275,6,0,0,0,54,0,65,18,54,6,0,qaoa_n6.qasm,gate_deletion,0.03,0,0.4000000000000002,1
6,110,275,6,0,0,0,54,0,65,18,54,6,0,qaoa_n6.qasm,gate_deletion,0.03,1,0.3900000000000002,1
6,110,275,6,0,0,0,54,0,65,18,54,6,0,qaoa_n6.qasm,gate_deletion,0.03,2,0.39500000000000024,1
6,110,275,6,0,0,0,54,0,65,18,54,6,0,qaoa_n6.qasm,gate_deletion,0.04,0,0.38500000000000023,1
6,110,275,6,0,0,0,54,0,65,18,54,6,0,qaoa_n6.qasm,gate_deletion,0.04,1,0.4000000000000002,1
6,110,275,6,0,0,0,54,0,65,18,54,6,0,qaoa_n6.qasm,gate_deletion,0.04,2,0.39500000000000024,1
6,110,275,6,0,0,0,54,0,65,18,54,6,0,qaoa_n6.qasm,gate_deletion,0.05,0,0.3900000000000002,1
6,110,275,6,0,0,0,54,0,65,18,54,6,0,qaoa_n6.qasm,gate_deletion,0.05,1,0.38500000000000023,1
6,110,275,6,0,0,0,54,0,65,18,54,6,0,qaoa_n6.qasm,gate_deletion,0.05,2,0.35500000000000015,1
6,110,277,6,0,1,0,54,0,66,18,54,6,0,qaoa_n6.qasm,gate_insertion,0.005,0,0.37000000000000016,1
6,110,277,6,0,1,0,54,0,66,18,54,6,0,qaoa_n6.qasm,gate_insertion,0.005,1,0.36500000000000016,1
6,110,277,6,0,1,0,54,0,66,18,54,6,0,qaoa_n6.qasm,gate_insertion,0.005,2,0.4350000000000003,1
6,110,277,6,0,1,0,54,0,66,18,54,6,0,qaoa_n6.qasm,gate_insertion,0.01,0,0.3650000000000002,1
6,110,277,6,0,1,0,54,0,66,18,54,6,0,qaoa_n6.qasm,gate_insertion,0.01,1,0.3600000000000002,1
6,110,277,6,0,1,0,54,0,66,18,54,6,0,qaoa_n6.qasm,gate_insertion,0.01,2,0.3500000000000002,1
6,110,277,6,0,1,0,54,0,66,18,54,6,0,qaoa_n6.qasm,gate_insertion,0.02,0,0.39000000000000024,1
6,110,277,6,0,1,0,54,0,66,18,54,6,0,qaoa_n6.qasm,gate_insertion,0.02,1,0.4200000000000002,1
6,110,277,6,0,1,0,54,0,66,18,54,6,0,qaoa_n6.qasm,gate_insertion,0.02,2,0.40000000000000024,1
6,110,277,6,0,1,0,54,0,66,18,54,6,0,qaoa_n6.qasm,gate_insertion,0.03,0,0.4350000000000002,1
6,110,277,6,0,1,0,54,0,66,18,54,6,0,qaoa_n6.qasm,gate_insertion,0.03,1,0.3700000000000002,1
6,110,277,6,0,1,0,54,0,66,18,54,6,0,qaoa_n6.qasm,gate_insertion,0.03,2,0.42500000000000027,1
6,110,277,6,0,1,0,54,0,66,18,54,6,0,qaoa_n6.qasm,gate_insertion,0.04,0,0.46500000000000025,1
6,110,277,6,0,1,0,54,0,66,18,54,6,0,qaoa_n6.qasm,gate_insertion,0.04,1,0.4250000000000002,1
6,110,277,6,0,1,0,54,0,66,18,54,6,0,qaoa_n6.qasm,gate_insertion,0.04,2,0.42000000000000026,1
6,110,277,6,0,1,0,54,0,66,18,54,6,0,qaoa_n6.qasm,gate_insertion,0.05,0,0.3650000000000002,1
6,110,277,6,0,1,0,54,0,66,18,54,6,0,qaoa_n6.qasm,gate_insertion,0.05,1,0.4100000000000002,1
6,110,277,6,0,1,0,54,0,66,18,54,6,0,qaoa_n6.qasm,gate_insertion,0.05,2,0.4350000000000003,1
6,110,276,7,0,0,0,54,0,65,18,54,6,0,qaoa_n6.qasm,gate_substitution,0.005,0,0.3800000000000002,1
6,110,276,7,0,0,0,54,0,65,18,54,6,0,qaoa_n6.qasm,gate_substitution,0.005,1,0.38000000000000017,1
6,110,276,7,0,0,0,54,0,65,18,54,6,0,qaoa_n6.qasm,gate_substitution,0.005,2,0.3450000000000002,1
6,110,276,7,0,0,0,54,0,65,18,54,6,0,qaoa_n6.qasm,gate_substitution,0.01,0,0.3700000000000002,1
6,110,276,7,0,0,0,54,0,65,18,54,6,0,qaoa_n6.qasm,gate_substitution,0.01,1,0.3600000000000002,1
6,110,276,7,0,0,0,54,0,65,18,54,6,0,qaoa_n6.qasm,gate_substitution,0.01,2,0.3800000000000002,1
6,110,276,7,0,0,0,54,0,65,18,54,6,0,qaoa_n6.qasm,gate_substitution,0.02,0,0.4300000000000002,1
6,110,276,7,0,0,0,54,0,65,18,54,6,0,qaoa_n6.qasm,gate_substitution,0.02,1,0.39500000000000024,1
6,110,276,7,0,0,0,54,0,65,18,54,6,0,qaoa_n6.qasm,gate_substitution,0.02,2,0.4450000000000003,1
6,110,276,7,0,0,0,54,0,65,18,54,6,0,qaoa_n6.qasm,gate_substitution,0.03,0,0.3650000000000002,1
6,110,276,7,0,0,0,54,0,65,18,54,6,0,qaoa_n6.qasm,gate_substitution,0.03,1,0.4500000000000003,1
6,110,276,7,0,0,0,54,0,65,18,54,6,0,qaoa_n6.qasm,gate_substitution,0.03,2,0.37500000000000017,1
6,110,276,7,0,0,0,54,0,65,18,54,6,0,qaoa_n6.qasm,gate_substitution,0.04,0,0.34500000000000014,1
6,110,276,7,0,0,0,54,0,65,18,54,6,0,qaoa_n6.qasm,gate_substitution,0.04,1,0.43000000000000027,1
6,110,276,7,0,0,0,54,0,65,18,54,6,0,qaoa_n6.qasm,gate_substitution,0.04,2,0.4450000000000003,1
6,110,276,7,0,0,0,54,0,65,18,54,6,0,qaoa_n6.qasm,gate_substitution,0.05,0,0.3700000000000002,1
6,110,276,7,0,0,0,54,0,65,18,54,6,0,qaoa_n6.qasm,gate_substitution,0.05,1,0.3700000000000002,1
6,110,276,7,0,0,0,54,0,65,18,54,6,0,qaoa_n6.qasm,gate_substitution,0.05,2,0.41500000000000026,1
6,111,278,7,0,0,1,54,0,66,18,54,6,0,qaoa_n6.qasm,multiple_gate_insertion,0.005,0,0.44500000000000023,1
6,111,278,7,0,0,1,54,0,66,18,54,6,0,qaoa_n6.qasm,multiple_gate_insertion,0.005,1,0.4250000000000002,1
6,111,278,7,0,0,1,54,0,66,18,54,6,0,qaoa_n6.qasm,multiple_gate_insertion,0.005,2,0.40500000000000025,1
6,111,278,7,0,0,1,54,0,66,18,54,6,0,qaoa_n6.qasm,multiple_gate_insertion,0.01,0,0.3900000000000002,1
6,111,278,7,0,0,1,54,0,66,18,54,6,0,qaoa_n6.qasm,multiple_gate_insertion,0.01,1,0.4150000000000002,1
6,111,278,7,0,0,1,54,0,66,18,54,6,0,qaoa_n6.qasm,multiple_gate_insertion,0.01,2,0.4350000000000002,1
6,111,278,7,0,0,1,54,0,66,18,54,6,0,qaoa_n6.qasm,multiple_gate_insertion,0.02,0,0.39500000000000024,1
6,111,278,7,0,0,1,54,0,66,18,54,6,0,qaoa_n6.qasm,multiple_gate_insertion,0.02,1,0.4450000000000003,1
6,111,278,7,0,0,1,54,0,66,18,54,6,0,qaoa_n6.qasm,multiple_gate_insertion,0.02,2,0.3850000000000002,1
6,111,278,7,0,0,1,54,0,66,18,54,6,0,qaoa_n6.qasm,multiple_gate_insertion,0.03,0,0.3550000000000002,1
6,111,278,7,0,0,1,54,0,66,18,54,6,0,qaoa_n6.qasm,multiple_gate_insertion,0.03,1,0.4050000000000002,1
6,111,278,7,0,0,1,54,0,66,18,54,6,0,qaoa_n6.qasm,multiple_gate_insertion,0.03,2,0.41000000000000025,1
6,111,278,7,0,0,1,54,0,66,18,54,6,0,qaoa_n6.qasm,multiple_gate_insertion,0.04,0,0.4400000000000003,1
6,111,278,7,0,0,1,54,0,66,18,54,6,0,qaoa_n6.qasm,multiple_gate_insertion,0.04,1,0.3900000000000002,1
6,111,278,7,0,0,1,54,0,66,18,54,6,0,qaoa_n6.qasm,multiple_gate_insertion,0.04,2,0.37500000000000017,1
6,111,278,7,0,0,1,54,0,66,18,54,6,0,qaoa_n6.qasm,multiple_gate_insertion,0.05,0,0.40000000000000024,1
6,111,278,7,0,0,1,54,0,66,18,54,6,0,qaoa_n6.qasm,multiple_gate_insertion,0.05,1,0.3400000000000002,1
6,111,278,7,0,0,1,54,0,66,18,54,6,0,qaoa_n6.qasm,multiple_gate_insertion,0.05,2,0.3700000000000002,1
6,110,276,6,0,0,0,54,0,66,18,54,6,0,qaoa_n6.qasm,normal,0.005,0,0.32000000000000023,0
6,110,276,6,0,0,0,54,0,66,18,54,6,0,qaoa_n6.qasm,normal,0.005,1,0.31000000000000016,0
6,110,276,6,0,0,0,54,0,66,18,54,6,0,qaoa_n6.qasm,normal,0.005,2,0.31000000000000016,0
6,110,276,6,0,0,0,54,0,66,18,54,6,0,qaoa_n6.qasm,normal,0.01,0,0.3800000000000002,0
6,110,276,6,0,0,0,54,0,66,18,54,6,0,qaoa_n6.qasm,normal,0.01,1,0.3550000000000002,0
6,110,276,6,0,0,0,54,0,66,18,54,6,0,qaoa_n6.qasm,normal,0.01,2,0.40500000000000025,0
6,110,276,6,0,0,0,54,0,66,18,54,6,0,qaoa_n6.qasm,normal,0.02,0,0.3600000000000002,0
6,110,276,6,0,0,0,54,0,66,18,54,6,0,qaoa_n6.qasm,normal,0.02,1,0.4200000000000002,0
6,110,276,6,0,0,0,54,0,66,18,54,6,0,qaoa_n6.qasm,normal,0.02,2,0.4450000000000003,0
6,110,276,6,0,0,0,54,0,66,18,54,6,0,qaoa_n6.qasm,normal,0.03,0,0.4400000000000002,0
6,110,276,6,0,0,0,54,0,66,18,54,6,0,qaoa_n6.qasm,normal,0.03,1,0.40000000000000024,0
6,110,276,6,0,0,0,54,0,66,18,54,6,0,qaoa_n6.qasm,normal,0.03,2,0.4250000000000002,0
6,110,276,6,0,0,0,54,0,66,18,54,6,0,qaoa_n6.qasm,normal,0.04,0,0.3650000000000002,0
6,110,276,6,0,0,0,54,0,66,18,54,6,0,qaoa_n6.qasm,normal,0.04,1,0.3750000000000002,0
6,110,276,6,0,0,0,54,0,66,18,54,6,0,qaoa_n6.qasm,normal,0.04,2,0.3650000000000002,0
6,110,276,6,0,0,0,54,0,66,18,54,6,0,qaoa_n6.qasm,normal,0.05,0,0.39000000000000024,0
6,110,276,6,0,0,0,54,0,66,18,54,6,0,qaoa_n6.qasm,normal,0.05,1,0.45000000000000023,0
6,110,276,6,0,0,0,54,0,66,18,54,6,0,qaoa_n6.qasm,normal,0.05,2,0.4350000000000002,0
5,17,29,14,0,0,0,9,0,0,0,0,5,0,qec_en_n5.qasm,gate_deletion,0.005,0,0.22999999999999998,1
5,17,29,14,0,0,0,9,0,0,0,0,5,0,qec_en_n5.qasm,gate_deletion,0.005,1,0.21999999999999997,1
5,17,29,14,0,0,0,9,0,0,0,0,5,0,qec_en_n5.qasm,gate_deletion,0.005,2,0.22999999999999998,1
5,17,29,14,0,0,0,9,0,0,0,0,5,0,qec_en_n5.qasm,gate_deletion,0.01,0,0.28500000000000003,1
5,17,29,14,0,0,0,9,0,0,0,0,5,0,qec_en_n5.qasm,gate_deletion,0.01,1,0.31,1
5,17,29,14,0,0,0,9,0,0,0,0,5,0,qec_en_n5.qasm,gate_deletion,0.01,2,0.30500000000000005,1
5,17,29,14,0,0,0,9,0,0,0,0,5,0,qec_en_n5.qasm,gate_deletion,0.02,0,0.44999999999999996,1
5,17,29,14,0,0,0,9,0,0,0,0,5,0,qec_en_n5.qasm,gate_deletion,0.02,1,0.41000000000000003,1
5,17,29,14,0,0,0,9,0,0,0,0,5,0,qec_en_n5.qasm,gate_deletion,0.02,2,0.38000000000000006,1
5,17,29,14,0,0,0,9,0,0,0,0,5,0,qec_en_n5.qasm,gate_deletion,0.03,0,0.515,1
5,17,29,14,0,0,0,9,0,0,0,0,5,0,qec_en_n5.qasm,gate_deletion,0.03,1,0.505,1
5,17,29,14,0,0,0,9,0,0,0,0,5,0,qec_en_n5.qasm,gate_deletion,0.03,2,0.51,1
5,17,29,14,0,0,0,9,0,0,0,0,5,0,qec_en_n5.qasm,gate_deletion,0.04,0,0.6250000000000001,1
5,17,29,14,0,0,0,9,0,0,0,0,5,0,qec_en_n5.qasm,gate_deletion,0.04,1,0.5499999999999999,1
5,17,29,14,0,0,0,9,0,0,0,0,5,0,qec_en_n5.qasm,gate_deletion,0.04,2,0.6649999999999999,1
5,17,29,14,0,0,0,9,0,0,0,0,5,0,qec_en_n5.qasm,gate_deletion,0.05,0,0.69,1
5,17,29,14,0,0,0,9,0,0,0,0,5,0,qec_en_n5.qasm,gate_deletion,0.05,1,0.6499999999999999,1
5,17,29,14,0,0,0,9,0,0,0,0,5,0,qec_en_n5.qasm,gate_deletion,0.05,2,0.6749999999999999,1
5,18,31,14,0,1,0,10,0,0,0,0,5,0,qec_en_n5.qasm,gate_insertion,0.005,0,0.9949999999999997,1
5,18,31,14,0,1,0,10,0,0,0,0,5,0,qec_en_n5.qasm,gate_insertion,0.005,1,0.9949999999999997,1
5,18,31,14,0,1,0,10,0,0,0,0,5,0,qec_en_n5.qasm,gate_insertion,0.005,2,0.9799999999999999,1
5,18,31,14,0,1,0,10,0,0,0,0,5,0,qec_en_n5.qasm,gate_insertion,0.01,0,0.9849999999999997,1
5,18,31,14,0,1,0,10,0,0,0,0,5,0,qec_en_n5.qasm,gate_insertion,0.01,1,0.9849999999999998,1
5,18,31,14,0,1,0,10,0,0,0,0,5,0,qec_en_n5.qasm,gate_insertion,0.01,2,0.9849999999999999,1
5,18,31,14,0,1,0,10,0,0,0,0,5,0,qec_en_n5.qasm,gate_insertion,0.02,0,0.9699999999999996,1
5,18,31,14,0,1,0,10,0,0,0,0,5,0,qec_en_n5.qasm,gate_insertion,0.02,1,0.9699999999999996,1
5,18,31,14,0,1,0,10,0,0,0,0,5,0,qec_en_n5.qasm,gate_insertion,0.02,2,0.9899999999999999,1
5,18,31,14,0,1,0,10,0,0,0,0,5,0,qec_en_n5.qasm,gate_insertion,0.03,0,0.9749999999999996,1
5,18,31,14,0,1,0,10,0,0,0,0,5,0,qec_en_n5.qasm,gate_insertion,0.03,1,0.9899999999999999,1
5,18,31,14,0,1,0,10,0,0,0,0,5,0,qec_en_n5.qasm,gate_insertion,0.03,2,0.9899999999999997,1
5,18,31,14,0,1,0,10,0,0,0,0,5,0,qec_en_n5.qasm,gate_insertion,0.04,0,0.9849999999999998,1
5,18,31,14,0,1,0,10,0,0,0,0,5,0,qec_en_n5.qasm,gate_insertion,0.04,1,0.94,1
5,18,31,14,0,1,0,10,0,0,0,0,5,0,qec_en_n5.qasm,gate_insertion,0.04,2,0.9799999999999998,1
5,18,31,14,0,1,0,10,0,0,0,0,5,0,qec_en_n5.qasm,gate_insertion,0.05,0,0.94,1
5,18,31,14,0,1,0,10,0,0,0,0,5,0,qec_en_n5.qasm,gate_insertion,0.05,1,0.9699999999999999,1
5,18,31,14,0,1,0,10,0,0,0,0,5,0,qec_en_n5.qasm,gate_insertion,0.05,2,0.9599999999999999,1
5,18,30,13,0,0,1,10,0,0,0,0,5,0,qec_en_n5.qasm,gate_substitution,0.005,0,0.5399999999999999,1
5,18,30,13,0,0,1,10,0,0,0,0,5,0,qec_en_n5.qasm,gate_substitution,0.005,1,0.5149999999999999,1
5,18,30,13,0,0,1,10,0,0,0,0,5,0,qec_en_n5.qasm,gate_substitution,0.005,2,0.575,1
5,18,30,13,0,0,1,10,0,0,0,0,5,0,qec_en_n5.qasm,gate_substitution,0.01,0,0.5749999999999998,1
5,18,30,13,0,0,1,10,0,0,0,0,5,0,qec_en_n5.qasm,gate_substitution,0.01,1,0.6599999999999999,1
5,18,30,13,0,0,1,10,0,0,0,0,5,0,qec_en_n5.qasm,gate_substitution,0.01,2,0.5849999999999999,1
5,18,30,13,0,0,1,10,0,0,0,0,5,0,qec_en_n5.qasm,gate_substitution,0.02,0,0.6099999999999999,1
5,18,30,13,0,0,1,10,0,0,0,0,5,0,qec_en_n5.qasm,gate_substitution,0.02,1,0.65,1
5,18,30,13,0,0,1,10,0,0,0,0,5,0,qec_en_n5.qasm,gate_substitution,0.02,2,0.6699999999999999,1
5,18,30,13,0,0,1,10,0,0,0,0,5,0,qec_en_n5.qasm,gate_substitution,0.03,0,0.7300000000000001,1
5,18,30,13,0,0,1,10,0,0,0,0,5,0,qec_en_n5.qasm,gate_substitution,0.03,1,0.6949999999999998,1
5,18,30,13,0,0,1,10,0,0,0,0,5,0,qec_en_n5.qasm,gate_substitution,0.03,2,0.7299999999999999,1
5,18,30,13,0,0,1,10,0,0,0,0,5,0,qec_en_n5.qasm,gate_substitution,0.04,0,0.695,1
5,18,30,13,0,0,1,10,0,0,0,0,5,0,qec_en_n5.qasm,gate_substitution,0.04,1,0.77,1
5,18,30,13,0,0,1,10,0,0,0,0,5,0,qec_en_n5.qasm,gate_substitution,0.04,2,0.7249999999999999,1
5,18,30,13,0,0,1,10,0,0,0,0,5,0,qec_en_n5.qasm,gate_substitution,0.05,0,0.76,1
5,18,30,13,0,0,1,10,0,0,0,0,5,0,qec_en_n5.qasm,gate_substitution,0.05,1,0.76,1
5,18,30,13,0,0,1,10,0,0,0,0,5,0,qec_en_n5.qasm,gate_substitution,0.05,2,0.79,1
5,18,32,14,2,0,0,10,0,0,0,0,5,0,qec_en_n5.qasm,multiple_gate_insertion,0.005,0,0.9799999999999998,1
5,18,32,14,2,0,0,10,0,0,0,0,5,0,qec_en_n5.qasm,multiple_gate_insertion,0.005,1,0.9949999999999999,1
5,18,32,14,2,0,0,10,0,0,0,0,5,0,qec_en_n5.qasm,multiple_gate_insertion,0.005,2,0.9949999999999999,1
5,18,32,14,2,0,0,10,0,0,0,0,5,0,qec_en_n5.qasm,multiple_gate_insertion,0.01,0,0.9799999999999998,1
5,18,32,14,2,0,0,10,0,0,0,0,5,0,qec_en_n5.qasm,multiple_gate_insertion,0.01,1,0.9999999999999997,1
5,18,32,14,2,0,0,10,0,0,0,0,5,0,qec_en_n5.qasm,multiple_gate_insertion,0.01,2,0.9799999999999999,1
5,18,32,14,2,0,0,10,0,0,0,0,5,0,qec_en_n5.qasm,multiple_gate_insertion,0.02,0,0.9649999999999995,1
5,18,32,14,2,0,0,10,0,0,0,0,5,0,qec_en_n5.qasm,multiple_gate_insertion,0.02,1,0.9699999999999999,1
5,18,32,14,2,0,0,10,0,0,0,0,5,0,qec_en_n5.qasm,multiple_gate_insertion,0.02,2,0.9899999999999998,1
5,18,32,14,2,0,0,10,0,0,0,0,5,0,qec_en_n5.qasm,multiple_gate_insertion,0.03,0,0.9699999999999999,1
5,18,32,14,2,0,0,10,0,0,0,0,5,0,qec_en_n5.qasm,multiple_gate_insertion,0.03,1,0.9499999999999998,1
5,18,32,14,2,0,0,10,0,0,0,0,5,0,qec_en_n5.qasm,multiple_gate_insertion,0.03,2,0.9749999999999998,1
5,18,32,14,2,0,0,10,0,0,0,0,5,0,qec_en_n5.qasm,multiple_gate_insertion,0.04,0,0.9799999999999999,1
5,18,32,14,2,0,0,10,0,0,0,0,5,0,qec_en_n5.qasm,multiple_gate_insertion,0.04,1,0.9349999999999998,1
5,18,32,14,2,0,0,10,0,0,0,0,5,0,qec_en_n5.qasm,multiple_gate_insertion,0.04,2,0.92,1
5,18,32,14,2,0,0,10,0,0,0,0,5,0,qec_en_n5.qasm,multiple_gate_insertion,0.05,0,0.9099999999999998,1
5,18,32,14,2,0,0,10,0,0,0,0,5,0,qec_en_n5.qasm,multiple_gate_insertion,0.05,1,0.9599999999999999,1
5,18,32,14,2,0,0,10,0,0,0,0,5,0,qec_en_n5.qasm,multiple_gate_insertion,0.05,2,0.9699999999999999,1
5,18,30,14,0,0,0,10,0,0,0,0,5,0,qec_en_n5.qasm,normal,0.005,0,0.11999999999999998,0
5,18,30,14,0,0,0,10,0,0,0,0,5,0,qec_en_n5.qasm,normal,0.005,1,0.11999999999999998,0
5,18,30,14,0,0,0,10,0,0,0,0,5,0,qec_en_n5.qasm,normal,0.005,2,0.11500000000000002,0
5,18,30,14,0,0,0,10,0,0,0,0,5,0,qec_en_n5.qasm,normal,0.01,0,0.16000000000000003,0
5,18,30,14,0,0,0,10,0,0,0,0,5,0,qec_en_n5.qasm,normal,0.01,1,0.19499999999999998,0
5,18,30,14,0,0,0,10,0,0,0,0,5,0,qec_en_n5.qasm,normal,0.01,2,0.20499999999999996,0
5,18,30,14,0,0,0,10,0,0,0,0,5,0,qec_en_n5.qasm,normal,0.02,0,0.33499999999999996,0
5,18,30,14,0,0,0,10,0,0,0,0,5,0,qec_en_n5.qasm,normal,0.02,1,0.405,0
5,18,30,14,0,0,0,10,0,0,0,0,5,0,qec_en_n5.qasm,normal,0.02,2,0.30000000000000004,0
5,18,30,14,0,0,0,10,0,0,0,0,5,0,qec_en_n5.qasm,normal,0.03,0,0.47000000000000003,0
5,18,30,14,0,0,0,10,0,0,0,0,5,0,qec_en_n5.qasm,normal,0.03,1,0.4800000000000001,0
5,18,30,14,0,0,0,10,0,0,0,0,5,0,qec_en_n5.qasm,normal,0.03,2,0.47500000000000003,0
5,18,30,14,0,0,0,10,0,0,0,0,5,0,qec_en_n5.qasm,normal,0.04,0,0.5800000000000001,0
5,18,30,14,0,0,0,10,0,0,0,0,5,0,qec_en_n5.qasm,normal,0.04,1,0.545,0
5,18,30,14,0,0,0,10,0,0,0,0,5,0,qec_en_n5.qasm,normal,0.04,2,0.585,0
5,18,30,14,0,0,0,10,0,0,0,0,5,0,qec_en_n5.qasm,normal,0.05,0,0.5850000000000001,0
5,18,30,14,0,0,0,10,0,0,0,0,5,0,qec_en_n5.qasm,normal,0.05,1,0.7000000000000001,0
5,18,30,14,0,0,0,10,0,0,0,0,5,0,qec_en_n5.qasm,normal,0.05,2,0.63,0
4,9,15,4,2,0,0,0,0,0,0,0,4,1,qft_n4.qasm,gate_deletion,0.005,0,0.165,1
4,9,15,4,2,0,0,0,0,0,0,0,4,1,qft_n4.qasm,gate_deletion,0.005,1,0.18500000000000005,1
4,9,15,4,2,0,0,0,0,0,0,0,4,1,qft_n4.qasm,gate_deletion,0.005,2,0.16,1
4,9,15,4,2,0,0,0,0,0,0,0,4,1,qft_n4.qasm,gate_deletion,0.01,0,0.17,1
4,9,15,4,2,0,0,0,0,0,0,0,4,1,qft_n4.qasm,gate_deletion,0.01,1,0.15000000000000002,1
4,9,15,4,2,0,0,0,0,0,0,0,4,1,qft_n4.qasm,gate_deletion,0.01,2,0.175,1
4,9,15,4,2,0,0,0,0,0,0,0,4,1,qft_n4.qasm,gate_deletion,0.02,0,0.135,1
4,9,15,4,2,0,0,0,0,0,0,0,4,1,qft_n4.qasm,gate_deletion,0.02,1,0.135,1
4,9,15,4,2,0,0,0,0,0,0,0,4,1,qft_n4.qasm,gate_deletion,0.02,2,0.17000000000000004,1
4,9,15,4,2,0,0,0,0,0,0,0,4,1,qft_n4.qasm,gate_deletion,0.03,0,0.14000000000000004,1
4,9,15,4,2,0,0,0,0,0,0,0,4,1,qft_n4.qasm,gate_deletion,0.03,1,0.12500000000000003,1
4,9,15,4,2,0,0,0,0,0,0,0,4,1,qft_n4.qasm,gate_deletion,0.03,2,0.16999999999999998,1
4,9,15,4,2,0,0,0,0,0,0,0,4,1,qft_n4.qasm,gate_deletion,0.04,0,0.205,1
4,9,15,4,2,0,0,0,0,0,0,0,4,1,qft_n4.qasm,gate_deletion,0.04,1,0.165,1
4,9,15,4,2,0,0,0,0,0,0,0,4,1,qft_n4.qasm,gate_deletion,0.04,2,0.17000000000000004,1
4,9,15,4,2,0,0,0,0,0,0,0,4,1,qft_n4.qasm,gate_deletion,0.05,0,0.17000000000000004,1
4,9,15,4,2,0,0,0,0,0,0,0,4,1,qft_n4.qasm,gate_deletion,0.05,1,0.17500000000000004,1
4,9,15,4,2,0,0,0,0,0,0,0,4,1,qft_n4.qasm,gate_deletion,0.05,2,0.125,1
4,9,17,4,2,1,0,0,0,0,0,0,4,1,qft_n4.qasm,gate_insertion,0.005,0,0.15500000000000003,1
4,9,17,4,2,1,0,0,0,0,0,0,4,1,qft_n4.qasm,gate_insertion,0.005,1,0.17500000000000002,1
4,9,17,4,2,1,0,0,0,0,0,0,4,1,qft_n4.qasm,gate_insertion,0.005,2,0.155,1
4,9,17,4,2,1,0,0,0,0,0,0,4,1,qft_n4.qasm,gate_insertion,0.01,0,0.17,1
4,9,17,4,2,1,0,0,0,0,0,0,4,1,qft_n4.qasm,gate_insertion,0.01,1,0.17500000000000002,1
4,9,17,4,2,1,0,0,0,0,0,0,4,1,qft_n4.qasm,gate_insertion,0.01,2,0.15,1
4,9,17,4,2,1,0,0,0,0,0,0,4,1,qft_n4.qasm,gate_insertion,0.02,0,0.14500000000000005,1
4,9,17,4,2,1,0,0,0,0,0,0,4,1,qft_n4.qasm,gate_insertion,0.02,1,0.18000000000000002,1
4,9,17,4,2,1,0,0,0,0,0,0,4,1,qft_n4.qasm,gate_insertion,0.02,2,0.175,1
4,9,17,4,2,1,0,0,0,0,0,0,4,1,qft_n4.qasm,gate_insertion,0.03,0,0.13,1
4,9,17,4,2,1,0,0,0,0,0,0,4,1,qft_n4.qasm,gate_insertion,0.03,1,0.15000000000000002,1
4,9,17,4,2,1,0,0,0,0,0,0,4,1,qft_n4.qasm,gate_insertion,0.03,2,0.15500000000000003,1
4,9,17,4,2,1,0,0,0,0,0,0,4,1,qft_n4.qasm,gate_insertion,0.04,0,0.15000000000000002,1
4,9,17,4,2,1,0,0,0,0,0,0,4,1,qft_n4.qasm,gate_insertion,0.04,1,0.15000000000000002,1
4,9,17,4,2,1,0,0,0,0,0,0,4,1,qft_n4.qasm,gate_insertion,0.04,2,0.19000000000000003,1
4,9,17,4,2,1,0,0,0,0,0,0,4,1,qft_n4.qasm,gate_insertion,0.05,0,0.18500000000000005,1
4,9,17,4,2,1,0,0,0,0,0,0,4,1,qft_n4.qasm,gate_insertion,0.05,1,0.11000000000000001,1
4,9,17,4,2,1,0,0,0,0,0,0,4,1,qft_n4.qasm,gate_insertion,0.05,2,0.16,1
4,9,16,3,2,1,0,0,0,0,0,0,4,1,qft_n4.qasm,gate_substitution,0.005,0,0.5250000000000001,1
4,9,16,3,2,1,0,0,0,0,0,0,4,1,qft_n4.qasm,gate_substitution,0.005,1,0.5200000000000001,1
4,9,16,3,2,1,0,0,0,0,0,0,4,1,qft_n4.qasm,gate_substitution,0.005,2,0.515,1
4,9,16,3,2,1,0,0,0,0,0,0,4,1,qft_n4.qasm,gate_substitution,0.01,0,0.5100000000000001,1
4,9,16,3,2,1,0,0,0,0,0,0,4,1,qft_n4.qasm,gate_substitution,0.01,1,0.5250000000000001,1
4,9,16,3,2,1,0,0,0,0,0,0,4,1,qft_n4.qasm,gate_substitution,0.01,2,0.515,1
4,9,16,3,2,1,0,0,0,0,0,0,4,1,qft_n4.qasm,gate_substitution,0.02,0,0.515,1
4,9,16,3,2,1,0,0,0,0,0,0,4,1,qft_n4.qasm,gate_substitution,0.02,1,0.5100000000000001,1
4,9,16,3,2,1,0,0,0,0,0,0,4,1,qft_n4.qasm,gate_substitution,0.02,2,0.5150000000000001,1
4,9,16,3,2,1,0,0,0,0,0,0,4,1,qft_n4.qasm,gate_substitution,0.03,0,0.5150000000000001,1
4,9,16,3,2,1,0,0,0,0,0,0,4,1,qft_n4.qasm,gate_substitution,0.03,1,0.535,1
4,9,16,3,2,1,0,0,0,0,0,0,4,1,qft_n4.qasm,gate_substitution,0.03,2,0.5050000000000001,1
4,9,16,3,2,1,0,0,0,0,0,0,4,1,qft_n4.qasm,gate_substitution,0.04,0,0.5,1
4,9,16,3,2,1,0,0,0,0,0,0,4,1,qft_n4.qasm,gate_substitution,0.04,1,0.485,1
4,9,16,3,2,1,0,0,0,0,0,0,4,1,qft_n4.qasm,gate_substitution,0.04,2,0.4900000000000001,1
4,9,16,3,2,1,0,0,0,0,0,0,4,1,qft_n4.qasm,gate_substitution,0.05,0,0.5100000000000001,1
4,9,16,3,2,1,0,0,0,0,0,0,4,1,qft_n4.qasm,gate_substitution,0.05,1,0.48500000000000004,1
4,9,16,3,2,1,0,0,0,0,0,0,4,1,qft_n4.qasm,gate_substitution,0.05,2,0.5,1
4,10,18,5,2,1,0,0,0,0,0,0,4,1,qft_n4.qasm,multiple_gate_insertion,0.005,0,0.375,1
4,10,18,5,2,1,0,0,0,0,0,0,4,1,qft_n4.qasm,multiple_gate_insertion,0.005,1,0.365,1
4,10,18,5,2,1,0,0,0,0,0,0,4,1,qft_n4.qasm,multiple_gate_insertion,0.005,2,0.38000000000000006,1
4,10,18,5,2,1,0,0,0,0,0,0,4,1,qft_n4.qasm,multiple_gate_insertion,0.01,0,0.38000000000000006,1
4,10,18,5,2,1,0,0,0,0,0,0,4,1,qft_n4.qasm,multiple_gate_insertion,0.01,1,0.3550000000000001,1
4,10,18,5,2,1,0,0,0,0,0,0,4,1,qft_n4.qasm,multiple_gate_insertion,0.01,2,0.305,1
4,10,18,5,2,1,0,0,0,0,0,0,4,1,qft_n4.qasm,multiple_gate_insertion,0.02,0,0.32000000000000006,1
4,10,18,5,2,1,0,0,0,0,0,0,4,1,qft_n4.qasm,multiple_gate_insertion,0.02,1,0.375,1
4,10,18,5,2,1,0,0,0,0,0,0,4,1,qft_n4.qasm,multiple_gate_insertion,0.02,2,0.3100000000000001,1
4,10,18,5,2,1,0,0,0,0,0,0,4,1,qft_n4.qasm,multiple_gate_insertion,0.03,0,0.30500000000000005,1
4,10,18,5,2,1,0,0,0,0,0,0,4,1,qft_n4.qasm,multiple_gate_insertion,0.03,1,0.39000000000000007,1
4,10,18,5,2,1,0,0,0,0,0,0,4,1,qft_n4.qasm,multiple_gate_insertion,0.03,2,0.3500000000000001,1
4,10,18,5,2,1,0,0,0,0,0,0,4,1,qft_n4.qasm,multiple_gate_insertion,0.04,0,0.4050000000000001,1
4,10,18,5,2,1,0,0,0,0,0,0,4,1,qft_n4.qasm,multiple_gate_insertion,0.04,1,0.33,1
4,10,18,5,2,1,0,0,0,0,0,0,4,1,qft_n4.qasm,multiple_gate_insertion,0.04,2,0.31000000000000005,1
4,10,18,5,2,1,0,0,0,0,0,0,4,1,qft_n4.qasm,multiple_gate_insertion,0.05,0,0.3250000000000001,1
4,10,18,5,2,1,0,0,0,0,0,0,4,1,qft_n4.qasm,multiple_gate_insertion,0.05,1,0.33,1
4,10,18,5,2,1,0,0,0,0,0,0,4,1,qft_n4.qasm,multiple_gate_insertion,0.05,2,0.29,1
4,9,16,4,2,0,0,0,0,0,0,0,4,1,qft_n4.qasm,normal,0.005,0,0.14,0
4,9,16,4,2,0,0,0,0,0,0,0,4,1,qft_n4.qasm,normal,0.005,1,0.15500000000000003,0
4,9,16,4,2,0,0,0,0,0,0,0,4,1,qft_n4.qasm,normal,0.005,2,0.13,0
4,9,16,4,2,0,0,0,0,0,0,0,4,1,qft_n4.qasm,normal,0.01,0,0.14,0
4,9,16,4,2,0,0,0,0,0,0,0,4,1,qft_n4.qasm,normal,0.01,1,0.11500000000000002,0
4,9,16,4,2,0,0,0,0,0,0,0,4,1,qft_n4.qasm,normal,0.01,2,0.19,0
4,9,16,4,2,0,0,0,0,0,0,0,4,1,qft_n4.qasm,normal,0.02,0,0.11000000000000001,0
4,9,16,4,2,0,0,0,0,0,0,0,4,1,qft_n4.qasm,normal,0.02,1,0.20000000000000007,0
4,9,16,4,2,0,0,0,0,0,0,0,4,1,qft_n4.qasm,normal,0.02,2,0.16000000000000003,0
4,9,16,4,2,0,0,0,0,0,0,0,4,1,qft_n4.qasm,normal,0.03,0,0.18000000000000002,0
4,9,16,4,2,0,0,0,0,0,0,0,4,1,qft_n4.qasm,normal,0.03,1,0.14500000000000005,0
4,9,16,4,2,0,0,0,0,0,0,0,4,1,qft_n4.qasm,normal,0.03,2,0.14500000000000007,0
4,9,16,4,2,0,0,0,0,0,0,0,4,1,qft_n4.qasm,normal,0.04,0,0.135,0
4,9,16,4,2,0,0,0,0,0,0,0,4,1,qft_n4.qasm,normal,0.04,1,0.17000000000000004,0
4,9,16,4,2,0,0,0,0,0,0,0,4,1,qft_n4.qasm,normal,0.04,2,0.13500000000000004,0
4,9,16,4,2,0,0,0,0,0,0,0,4,1,qft_n4.qasm,normal,0.05,0,0.15000000000000002,0
4,9,16,4,2,0,0,0,0,0,0,0,4,1,qft_n4.qasm,normal,0.05,1,0.165,0
4,9,16,4,2,0,0,0,0,0,0,0,4,1,qft_n4.qasm,normal,0.05,2,0.15000000000000005,0
9,17,38,12,3,0,0,0,1,0,0,0,6,3,qpe_n9.qasm,gate_deletion,0.005,0,0.40000000000000013,1
9,17,38,12,3,0,0,0,1,0,0,0,6,3,qpe_n9.qasm,gate_deletion,0.005,1,0.47000000000000014,1
9,17,38,12,3,0,0,0,1,0,0,0,6,3,qpe_n9.qasm,gate_deletion,0.005,2,0.41000000000000014,1
9,17,38,12,3,0,0,0,1,0,0,0,6,3,qpe_n9.qasm,gate_deletion,0.01,0,0.40500000000000014,1
9,17,38,12,3,0,0,0,1,0,0,0,6,3,qpe_n9.qasm,gate_deletion,0.01,1,0.4350000000000001,1
9,17,38,12,3,0,0,0,1,0,0,0,6,3,qpe_n9.qasm,gate_deletion,0.01,2,0.3900000000000002,1
9,17,38,12,3,0,0,0,1,0,0,0,6,3,qpe_n9.qasm,gate_deletion,0.02,0,0.3850000000000002,1
9,17,38,12,3,0,0,0,1,0,0,0,6,3,qpe_n9.qasm,gate_deletion,0.02,1,0.41000000000000014,1
9,17,38,12,3,0,0,0,1,0,0,0,6,3,qpe_n9.qasm,gate_deletion,0.02,2,0.43000000000000016,1
9,17,38,12,3,0,0,0,1,0,0,0,6,3,qpe_n9.qasm,gate_deletion,0.03,0,0.4000000000000002,1
9,17,38,12,3,0,0,0,1,0,0,0,6,3,qpe_n9.qasm,gate_deletion,0.03,1,0.4200000000000002,1
9,17,38,12,3,0,0,0,1,0,0,0,6,3,qpe_n9.qasm,gate_deletion,0.03,2,0.35500000000000015,1
9,17,38,12,3,0,0,0,1,0,0,0,6,3,qpe_n9.qasm,gate_deletion,0.04,0,0.43000000000000016,1
9,17,38,12,3,0,0,0,1,0,0,0,6,3,qpe_n9.qasm,gate_deletion,0.04,1,0.35000000000000014,1
9,17,38,12,3,0,0,0,1,0,0,0,6,3,qpe_n9.qasm,gate_deletion,0.04,2,0.41000000000000025,1
9,17,38,12,3,0,0,0,1,0,0,0,6,3,qpe_n9.qasm,gate_deletion,0.05,0,0.3850000000000002,1
9,17,38,12,3,0,0,0,1,0,0,0,6,3,qpe_n9.qasm,gate_deletion,0.05,1,0.4550000000000002,1
9,17,38,12,3,0,0,0,1,0,0,0,6,3,qpe_n9.qasm,gate_deletion,0.05,2,0.41500000000000015,1
9,21,40,12,4,0,0,0,1,0,0,0,6,3,qpe_n9.qasm,gate_insertion,0.005,0,0.3000000000000001,1
9,21,40,12,4,0,0,0,1,0,0,0,6,3,qpe_n9.qasm,gate_insertion,0.005,1,0.30500000000000016,1
9,21,40,12,4,0,0,0,1,0,0,0,6,3,qpe_n9.qasm,gate_insertion,0.005,2,0.2550000000000001,1
9,21,40,12,4,0,0,0,1,0,0,0,6,3,qpe_n9.qasm,gate_insertion,0.01,0,0.26000000000000006,1
9,21,40,12,4,0,0,0,1,0,0,0,6,3,qpe_n9.qasm,gate_insertion,0.01,1,0.2400000000000001,1
9,21,40,12,4,0,0,0,1,0,0,0,6,3,qpe_n9.qasm,gate_insertion,0.01,2,0.23500000000000015,1
9,21,40,12,4,0,0,0,1,0,0,0,6,3,qpe_n9.qasm,gate_insertion,0.02,0,0.2750000000000001,1
9,21,40,12,4,0,0,0,1,0,0,0,6,3,qpe_n9.qasm,gate_insertion,0.02,1,0.24500000000000008,1
9,21,40,12,4,0,0,0,1,0,0,0,6,3,qpe_n9.qasm,gate_insertion,0.02,2,0.2250000000000001,1
9,21,40,12,4,0,0,0,1,0,0,0,6,3,qpe_n9.qasm,gate_insertion,0.03,0,0.2550000000000001,1
9,21,40,12,4,0,0,0,1,0,0,0,6,3,qpe_n9.qasm,gate_insertion,0.03,1,0.2900000000000001,1
9,21,40,12,4,0,0,0,1,0,0,0,6,3,qpe_n9.qasm,gate_insertion,0.03,2,0.2050000000000001,1
9,21,40,12,4,0,0,0,1,0,0,0,6,3,qpe_n9.qasm,gate_insertion,0.04,0,0.27500000000000013,1
9,21,40,12,4,0,0,0,1,0,0,0,6,3,qpe_n9.qasm,gate_insertion,0.04,1,0.3200000000000001,1
9,21,40,12,4,0,0,0,1,0,0,0,6,3,qpe_n9.qasm,gate_insertion,0.04,2,0.27000000000000013,1
9,21,40,12,4,0,0,0,1,0,0,0,6,3,qpe_n9.qasm,gate_insertion,0.05,0,0.27000000000000013,1
9,21,40,12,4,0,0,0,1,0,0,0,6,3,qpe_n9.qasm,gate_insertion,0.05,1,0.29000000000000015,1
9,21,40,12,4,0,0,0,1,0,0,0,6,3,qpe_n9.qasm,gate_insertion,0.05,2,0.30500000000000016,1
9,21,39,11,3,1,0,0,1,0,0,0,6,3,qpe_n9.qasm,gate_substitution,0.005,0,0.28500000000000014,1
9,21,39,11,3,1,0,0,1,0,0,0,6,3,qpe_n9.qasm,gate_substitution,0.005,1,0.3250000000000001,1
9,21,39,11,3,1,0,0,1,0,0,0,6,3,qpe_n9.qasm,gate_substitution,0.005,2,0.29500000000000015,1
9,21,39,11,3,1,0,0,1,0,0,0,6,3,qpe_n9.qasm,gate_substitution,0.01,0,0.3400000000000002,1
9,21,39,11,3,1,0,0,1,0,0,0,6,3,qpe_n9.qasm,gate_substitution,0.01,1,0.27500000000000013,1
9,21,39,11,3,1,0,0,1,0,0,0,6,3,qpe_n9.qasm,gate_substitution,0.01,2,0.3300000000000001,1
9,21,39,11,3,1,0,0,1,0,0,0,6,3,qpe_n9.qasm,gate_substitution,0.02,0,0.29000000000000015,1
9,21,39,11,3,1,0,0,1,0,0,0,6,3,qpe_n9.qasm,gate_substitution,0.02,1,0.34000000000000014,1
9,21,39,11,3,1,0,0,1,0,0,0,6,3,qpe_n9.qasm,gate_substitution,0.02,2,0.3050000000000001,1
9,21,39,11,3,1,0,0,1,0,0,0,6,3,qpe_n9.qasm,gate_substitution,0.03,0,0.3350000000000002,1
9,21,39,11,3,1,0,0,1,0,0,0,6,3,qpe_n9.qasm,gate_substitution,0.03,1,0.35000000000000014,1
9,21,39,11,3,1,0,0,1,0,0,0,6,3,qpe_n9.qasm,gate_substitution,0.03,2,0.2550000000000001,1
9,21,39,11,3,1,0,0,1,0,0,0,6,3,qpe_n9.qasm,gate_substitution,0.04,0,0.3200000000000002,1
9,21,39,11,3,1,0,0,1,0,0,0,6,3,qpe_n9.qasm,gate_substitution,0.04,1,0.30000000000000016,1
9,21,39,11,3,1,0,0,1,0,0,0,6,3,qpe_n9.qasm,gate_substitution,0.04,2,0.33500000000000013,1
9,21,39,11,3,1,0,0,1,0,0,0,6,3,qpe_n9.qasm,gate_substitution,0.05,0,0.3550000000000002,1
9,21,39,11,3,1,0,0,1,0,0,0,6,3,qpe_n9.qasm,gate_substitution,0.05,1,0.3550000000000002,1
9,21,39,11,3,1,0,0,1,0,0,0,6,3,qpe_n9.qasm,gate_substitution,0.05,2,0.3950000000000002,1
9,22,42,14,3,1,0,0,1,0,0,0,6,3,qpe_n9.qasm,multiple_gate_insertion,0.005,0,0.5950000000000001,1
9,22,42,14,3,1,0,0,1,0,0,0,6,3,qpe_n9.qasm,multiple_gate_insertion,0.005,1,0.61,1
9,22,42,14,3,1,0,0,1,0,0,0,6,3,qpe_n9.qasm,multiple_gate_insertion,0.005,2,0.6,1
9,22,42,14,3,1,0,0,1,0,0,0,6,3,qpe_n9.qasm,multiple_gate_insertion,0.01,0,0.6099999999999999,1
9,22,42,14,3,1,0,0,1,0,0,0,6,3,qpe_n9.qasm,multiple_gate_insertion,0.01,1,0.6099999999999999,1
9,22,42,14,3,1,0,0,1,0,0,0,6,3,qpe_n9.qasm,multiple_gate_insertion,0.01,2,0.5650000000000002,1
9,22,42,14,3,1,0,0,1,0,0,0,6,3,qpe_n9.qasm,multiple_gate_insertion,0.02,0,0.5700000000000001,1
9,22,42,14,3,1,0,0,1,0,0,0,6,3,qpe_n9.qasm,multiple_gate_insertion,0.02,1,0.6099999999999999,1
9,22,42,14,3,1,0,0,1,0,0,0,6,3,qpe_n9.qasm,multiple_gate_insertion,0.02,2,0.5600000000000002,1
9,22,42,14,3,1,0,0,1,0,0,0,6,3,qpe_n9.qasm,multiple_gate_insertion,0.03,0,0.5700000000000002,1
9,22,42,14,3,1,0,0,1,0,0,0,6,3,qpe_n9.qasm,multiple_gate_insertion,0.03,1,0.5849999999999999,1
9,22,42,14,3,1,0,0,1,0,0,0,6,3,qpe_n9.qasm,multiple_gate_insertion,0.03,2,0.5899999999999997,1
9,22,42,14,3,1,0,0,1,0,0,0,6,3,qpe_n9.qasm,multiple_gate_insertion,0.04,0,0.5700000000000001,1
9,22,42,14,3,1,0,0,1,0,0,0,6,3,qpe_n9.qasm,multiple_gate_insertion,0.04,1,0.6049999999999999,1
9,22,42,14,3,1,0,0,1,0,0,0,6,3,qpe_n9.qasm,multiple_gate_insertion,0.04,2,0.5800000000000001,1
9,22,42,14,3,1,0,0,1,0,0,0,6,3,qpe_n9.qasm,multiple_gate_insertion,0.05,0,0.59,1
9,22,42,14,3,1,0,0,1,0,0,0,6,3,qpe_n9.qasm,multiple_gate_insertion,0.05,1,0.5549999999999998,1
9,22,42,14,3,1,0,0,1,0,0,0,6,3,qpe_n9.qasm,multiple_gate_insertion,0.05,2,0.5750000000000001,1
9,21,39,12,3,0,0,0,1,0,0,0,6,3,qpe_n9.qasm,normal,0.005,0,0.2350000000000001,0
9,21,39,12,3,0,0,0,1,0,0,0,6,3,qpe_n9.qasm,normal,0.005,1,0.2550000000000001,0
9,21,39,12,3,0,0,0,1,0,0,0,6,3,qpe_n9.qasm,normal,0.005,2,0.2400000000000001,0
9,21,39,12,3,0,0,0,1,0,0,0,6,3,qpe_n9.qasm,normal,0.01,0,0.24000000000000002,0
9,21,39,12,3,0,0,0,1,0,0,0,6,3,qpe_n9.qasm,normal,0.01,1,0.2650000000000001,0
9,21,39,12,3,0,0,0,1,0,0,0,6,3,qpe_n9.qasm,normal,0.01,2,0.25000000000000006,0
9,21,39,12,3,0,0,0,1,0,0,0,6,3,qpe_n9.qasm,normal,0.02,0,0.2600000000000001,0
9,21,39,12,3,0,0,0,1,0,0,0,6,3,qpe_n9.qasm,normal,0.02,1,0.25500000000000006,0
9,21,39,12,3,0,0,0,1,0,0,0,6,3,qpe_n9.qasm,normal,0.02,2,0.27000000000000013,0
9,21,39,12,3,0,0,0,1,0,0,0,6,3,qpe_n9.qasm,normal,0.03,0,0.25500000000000006,0
9,21,39,12,3,0,0,0,1,0,0,0,6,3,qpe_n9.qasm,normal,0.03,1,0.25000000000000006,0
9,21,39,12,3,0,0,0,1,0,0,0,6,3,qpe_n9.qasm,normal,0.03,2,0.26500000000000007,0
9,21,39,12,3,0,0,0,1,0,0,0,6,3,qpe_n9.qasm,normal,0.04,0,0.31000000000000016,0
9,21,39,12,3,0,0,0,1,0,0,0,6,3,qpe_n9.qasm,normal,0.04,1,0.26000000000000006,0
9,21,39,12,3,0,0,0,1,0,0,0,6,3,qpe_n9.qasm,normal,0.04,2,0.2700000000000001,0
9,21,39,12,3,0,0,0,1,0,0,0,6,3,qpe_n9.qasm,normal,0.05,0,0.2900000000000002,0
9,21,39,12,3,0,0,0,1,0,0,0,6,3,qpe_n9.qasm,normal,0.05,1,0.2600000000000001,0
9,21,39,12,3,0,0,0,1,0,0,0,6,3,qpe_n9.qasm,normal,0.05,2,0.28000000000000014,0
4,2,7,3,0,0,0,0,0,0,0,0,4,0,qrng_n4.qasm,gate_deletion,0.005,0,0.4949999999999999,1
4,2,7,3,0,0,0,0,0,0,0,0,4,0,qrng_n4.qasm,gate_deletion,0.005,1,0.495,1
4,2,7,3,0,0,0,0,0,0,0,0,4,0,qrng_n4.qasm,gate_deletion,0.005,2,0.49499999999999994,1
4,2,7,3,0,0,0,0,0,0,0,0,4,0,qrng_n4.qasm,gate_deletion,0.01,0,0.49499999999999994,1
4,2,7,3,0,0,0,0,0,0,0,0,4,0,qrng_n4.qasm,gate_deletion,0.01,1,0.495,1
4,2,7,3,0,0,0,0,0,0,0,0,4,0,qrng_n4.qasm,gate_deletion,0.01,2,0.49499999999999994,1
4,2,7,3,0,0,0,0,0,0,0,0,4,0,qrng_n4.qasm,gate_deletion,0.02,0,0.4949999999999999,1
4,2,7,3,0,0,0,0,0,0,0,0,4,0,qrng_n4.qasm,gate_deletion,0.02,1,0.495,1
4,2,7,3,0,0,0,0,0,0,0,0,4,0,qrng_n4.qasm,gate_deletion,0.02,2,0.495,1
4,2,7,3,0,0,0,0,0,0,0,0,4,0,qrng_n4.qasm,gate_deletion,0.03,0,0.495,1
4,2,7,3,0,0,0,0,0,0,0,0,4,0,qrng_n4.qasm,gate_deletion,0.03,1,0.495,1
4,2,7,3,0,0,0,0,0,0,0,0,4,0,qrng_n4.qasm,gate_deletion,0.03,2,0.4949999999999999,1
4,2,7,3,0,0,0,0,0,0,0,0,4,0,qrng_n4.qasm,gate_deletion,0.04,0,0.49499999999999994,1
4,2,7,3,0,0,0,0,0,0,0,0,4,0,qrng_n4.qasm,gate_deletion,0.04,1,0.4949999999999999,1
4,2,7,3,0,0,0,0,0,0,0,0,4,0,qrng_n4.qasm,gate_deletion,0.04,2,0.495,1
4,2,7,3,0,0,0,0,0,0,0,0,4,0,qrng_n4.qasm,gate_deletion,0.05,0,0.49499999999999994,1
4,2,7,3,0,0,0,0,0,0,0,0,4,0,qrng_n4.qasm,gate_deletion,0.05,1,0.49499999999999994,1
4,2,7,3,0,0,0,0,0,0,0,0,4,0,qrng_n4.qasm,gate_deletion,0.05,2,0.505,1
4,3,9,4,0,1,0,0,0,0,0,0,4,0,qrng_n4.qasm,gate_insertion,0.005,0,0.13,1
4,3,9,4,0,1,0,0,0,0,0,0,4,0,qrng_n4.qasm,gate_insertion,0.005,1,0.14,1
4,3,9,4,0,1,0,0,0,0,0,0,4,0,qrng_n4.qasm,gate_insertion,0.005,2,0.14,1
4,3,9,4,0,1,0,0,0,0,0,0,4,0,qrng_n4.qasm,gate_insertion,0.01,0,0.14,1
4,3,9,4,0,1,0,0,0,0,0,0,4,0,qrng_n4.qasm,gate_insertion,0.01,1,0.18000000000000002,1
4,3,9,4,0,1,0,0,0,0,0,0,4,0,qrng_n4.qasm,gate_insertion,0.01,2,0.16499999999999998,1
4,3,9,4,0,1,0,0,0,0,0,0,4,0,qrng_n4.qasm,gate_insertion,0.02,0,0.11000000000000001,1
4,3,9,4,0,1,0,0,0,0,0,0,4,0,qrng_n4.qasm,gate_insertion,0.02,1,0.12000000000000001,1
4,3,9,4,0,1,0,0,0,0,0,0,4,0,qrng_n4.qasm,gate_insertion,0.02,2,0.12000000000000001,1
4,3,9,4,0,1,0,0,0,0,0,0,4,0,qrng_n4.qasm,gate_insertion,0.03,0,0.18000000000000002,1
4,3,9,4,0,1,0,0,0,0,0,0,4,0,qrng_n4.qasm,gate_insertion,0.03,1,0.13500000000000004,1
4,3,9,4,0,1,0,0,0,0,0,0,4,0,qrng_n4.qasm,gate_insertion,0.03,2,0.11500000000000002,1
4,3,9,4,0,1,0,0,0,0,0,0,4,0,qrng_n4.qasm,gate_insertion,0.04,0,0.18,1
4,3,9,4,0,1,0,0,0,0,0,0,4,0,qrng_n4.qasm,gate_insertion,0.04,1,0.14,1
4,3,9,4,0,1,0,0,0,0,0,0,4,0,qrng_n4.qasm,gate_insertion,0.04,2,0.125,1
4,3,9,4,0,1,0,0,0,0,0,0,4,0,qrng_n4.qasm,gate_insertion,0.05,0,0.135,1
4,3,9,4,0,1,0,0,0,0,0,0,4,0,qrng_n4.qasm,gate_insertion,0.05,1,0.12000000000000002,1
4,3,9,4,0,1,0,0,0,0,0,0,4,0,qrng_n4.qasm,gate_insertion,0.05,2,0.12000000000000002,1
4,2,8,3,1,0,0,0,0,0,0,0,4,0,qrng_n4.qasm,gate_substitution,0.005,0,0.45999999999999996,1
4,2,8,3,1,0,0,0,0,0,0,0,4,0,qrng_n4.qasm,gate_substitution,0.005,1,0.4650000000000001,1
4,2,8,3,1,0,0,0,0,0,0,0,4,0,qrng_n4.qasm,gate_substitution,0.005,2,0.4600000000000001,1
4,2,8,3,1,0,0,0,0,0,0,0,4,0,qrng_n4.qasm,gate_substitution,0.01,0,0.4650000000000001,1
4,2,8,3,1,0,0,0,0,0,0,0,4,0,qrng_n4.qasm,gate_substitution,0.01,1,0.4600000000000001,1
4,2,8,3,1,0,0,0,0,0,0,0,4,0,qrng_n4.qasm,gate_substitution,0.01,2,0.4600000000000001,1
4,2,8,3,1,0,0,0,0,0,0,0,4,0,qrng_n4.qasm,gate_substitution,0.02,0,0.45999999999999996,1
4,2,8,3,1,0,0,0,0,0,0,0,4,0,qrng_n4.qasm,gate_substitution,0.02,1,0.4500000000000001,1
4,2,8,3,1,0,0,0,0,0,0,0,4,0,qrng_n4.qasm,gate_substitution,0.02,2,0.45000000000000007,1
4,2,8,3,1,0,0,0,0,0,0,0,4,0,qrng_n4.qasm,gate_substitution,0.03,0,0.43999999999999995,1
4,2,8,3,1,0,0,0,0,0,0,0,4,0,qrng_n4.qasm,gate_substitution,0.03,1,0.43500000000000005,1
4,2,8,3,1,0,0,0,0,0,0,0,4,0,qrng_n4.qasm,gate_substitution,0.03,2,0.43000000000000005,1
4,2,8,3,1,0,0,0,0,0,0,0,4,0,qrng_n4.qasm,gate_substitution,0.04,0,0.44500000000000006,1
4,2,8,3,1,0,0,0,0,0,0,0,4,0,qrng_n4.qasm,gate_substitution,0.04,1,0.44500000000000006,1
4,2,8,3,1,0,0,0,0,0,0,0,4,0,qrng_n4.qasm,gate_substitution,0.04,2,0.45999999999999996,1
4,2,8,3,1,0,0,0,0,0,0,0,4,0,qrng_n4.qasm,gate_substitution,0.05,0,0.43,1
4,2,8,3,1,0,0,0,0,0,0,0,4,0,qrng_n4.qasm,gate_substitution,0.05,1,0.43500000000000005,1
4,2,8,3,1,0,0,0,0,0,0,0,4,0,qrng_n4.qasm,gate_substitution,0.05,2,0.44500000000000006,1
4,3,10,5,1,0,0,0,0,0,0,0,4,0,qrng_n4.qasm,multiple_gate_insertion,0.005,0,0.5049999999999999,1
4,3,10,5,1,0,0,0,0,0,0,0,4,0,qrng_n4.qasm,multiple_gate_insertion,0.005,1,0.5,1
4,3,10,5,1,0,0,0,0,0,0,0,4,0,qrng_n4.qasm,multiple_gate_insertion,0.005,2,0.48999999999999994,1
4,3,10,5,1,0,0,0,0,0,0,0,4,0,qrng_n4.qasm,multiple_gate_insertion,0.01,0,0.49999999999999994,1
4,3,10,5,1,0,0,0,0,0,0,0,4,0,qrng_n4.qasm,multiple_gate_insertion,0.01,1,0.49999999999999994,1
4,3,10,5,1,0,0,0,0,0,0,0,4,0,qrng_n4.qasm,multiple_gate_insertion,0.01,2,0.49499999999999994,1
4,3,10,5,1,0,0,0,0,0,0,0,4,0,qrng_n4.qasm,multiple_gate_insertion,0.02,0,0.49499999999999994,1
4,3,10,5,1,0,0,0,0,0,0,0,4,0,qrng_n4.qasm,multiple_gate_insertion,0.02,1,0.4799999999999999,1
4,3,10,5,1,0,0,0,0,0,0,0,4,0,qrng_n4.qasm,multiple_gate_insertion,0.02,2,0.49999999999999994,1
4,3,10,5,1,0,0,0,0,0,0,0,4,0,qrng_n4.qasm,multiple_gate_insertion,0.03,0,0.48500000000000004,1
4,3,10,5,1,0,0,0,0,0,0,0,4,0,qrng_n4.qasm,multiple_gate_insertion,0.03,1,0.49000000000000005,1
4,3,10,5,1,0,0,0,0,0,0,0,4,0,qrng_n4.qasm,multiple_gate_insertion,0.03,2,0.4700000000000001,1
4,3,10,5,1,0,0,0,0,0,0,0,4,0,qrng_n4.qasm,multiple_gate_insertion,0.04,0,0.46,1
4,3,10,5,1,0,0,0,0,0,0,0,4,0,qrng_n4.qasm,multiple_gate_insertion,0.04,1,0.4650000000000001,1
4,3,10,5,1,0,0,0,0,0,0,0,4,0,qrng_n4.qasm,multiple_gate_insertion,0.04,2,0.455,1
4,3,10,5,1,0,0,0,0,0,0,0,4,0,qrng_n4.qasm,multiple_gate_insertion,0.05,0,0.44999999999999996,1
4,3,10,5,1,0,0,0,0,0,0,0,4,0,qrng_n4.qasm,multiple_gate_insertion,0.05,1,0.46500000000000014,1
4,3,10,5,1,0,0,0,0,0,0,0,4,0,qrng_n4.qasm,multiple_gate_insertion,0.05,2,0.4649999999999999,1
4,2,8,4,0,0,0,0,0,0,0,0,4,0,qrng_n4.qasm,normal,0.005,0,0.15500000000000003,0
4,2,8,4,0,0,0,0,0,0,0,0,4,0,qrng_n4.qasm,normal,0.005,1,0.14500000000000002,0
4,2,8,4,0,0,0,0,0,0,0,0,4,0,qrng_n4.qasm,normal,0.005,2,0.11499999999999999,0
4,2,8,4,0,0,0,0,0,0,0,0,4,0,qrng_n4.qasm,normal,0.01,0,0.135,0
4,2,8,4,0,0,0,0,0,0,0,0,4,0,qrng_n4.qasm,normal,0.01,1,0.165,0
4,2,8,4,0,0,0,0,0,0,0,0,4,0,qrng_n4.qasm,normal,0.01,2,0.135,0
4,2,8,4,0,0,0,0,0,0,0,0,4,0,qrng_n4.qasm,normal,0.02,0,0.12000000000000001,0
4,2,8,4,0,0,0,0,0,0,0,0,4,0,qrng_n4.qasm,normal,0.02,1,0.195,0
4,2,8,4,0,0,0,0,0,0,0,0,4,0,qrng_n4.qasm,normal,0.02,2,0.15,0
4,2,8,4,0,0,0,0,0,0,0,0,4,0,qrng_n4.qasm,normal,0.03,0,0.13999999999999999,0
4,2,8,4,0,0,0,0,0,0,0,0,4,0,qrng_n4.qasm,normal,0.03,1,0.12000000000000002,0
4,2,8,4,0,0,0,0,0,0,0,0,4,0,qrng_n4.qasm,normal,0.03,2,0.13500000000000004,0
4,2,8,4,0,0,0,0,0,0,0,0,4,0,qrng_n4.qasm,normal,0.04,0,0.185,0
4,2,8,4,0,0,0,0,0,0,0,0,4,0,qrng_n4.qasm,normal,0.04,1,0.13,0
4,2,8,4,0,0,0,0,0,0,0,0,4,0,qrng_n4.qasm,normal,0.04,2,0.16000000000000003,0
4,2,8,4,0,0,0,0,0,0,0,0,4,0,qrng_n4.qasm,normal,0.05,0,0.13,0
4,2,8,4,0,0,0,0,0,0,0,0,4,0,qrng_n4.qasm,normal,0.05,1,0.095,0
4,2,8,4,0,0,0,0,0,0,0,0,4,0,qrng_n4.qasm,normal,0.05,2,0.13,0
2,8,12,0,0,0,0,3,0,0,0,0,2,0,quantumwalks_n2.qasm,gate_deletion,0.005,0,0.5249999999999999,1
2,8,12,0,0,0,0,3,0,0,0,0,2,0,quantumwalks_n2.qasm,gate_deletion,0.005,1,0.47,1
2,8,12,0,0,0,0,3,0,0,0,0,2,0,quantumwalks_n2.qasm,gate_deletion,0.005,2,0.505,1
2,8,12,0,0,0,0,3,0,0,0,0,2,0,quantumwalks_n2.qasm,gate_deletion,0.01,0,0.45999999999999996,1
2,8,12,0,0,0,0,3,0,0,0,0,2,0,quantumwalks_n2.qasm,gate_deletion,0.01,1,0.5249999999999999,1
2,8,12,0,0,0,0,3,0,0,0,0,2,0,quantumwalks_n2.qasm,gate_deletion,0.01,2,0.495,1
2,8,12,0,0,0,0,3,0,0,0,0,2,0,quantumwalks_n2.qasm,gate_deletion,0.02,0,0.61,1
2,8,12,0,0,0,0,3,0,0,0,0,2,0,quantumwalks_n2.qasm,gate_deletion,0.02,1,0.5449999999999999,1
2,8,12,0,0,0,0,3,0,0,0,0,2,0,quantumwalks_n2.qasm,gate_deletion,0.02,2,0.475,1
2,8,12,0,0,0,0,3,0,0,0,0,2,0,quantumwalks_n2.qasm,gate_deletion,0.03,0,0.575,1
2,8,12,0,0,0,0,3,0,0,0,0,2,0,quantumwalks_n2.qasm,gate_deletion,0.03,1,0.5900000000000001,1
2,8,12,0,0,0,0,3,0,0,0,0,2,0,quantumwalks_n2.qasm,gate_deletion,0.03,2,0.595,1
2,8,12,0,0,0,0,3,0,0,0,0,2,0,quantumwalks_n2.qasm,gate_deletion,0.04,0,0.515,1
2,8,12,0,0,0,0,3,0,0,0,0,2,0,quantumwalks_n2.qasm,gate_deletion,0.04,1,0.52,1
2,8,12,0,0,0,0,3,0,0,0,0,2,0,quantumwalks_n2.qasm,gate_deletion,0.04,2,0.635,1
2,8,12,0,0,0,0,3,0,0,0,0,2,0,quantumwalks_n2.qasm,gate_deletion,0.05,0,0.605,1
2,8,12,0,0,0,0,3,0,0,0,0,2,0,quantumwalks_n2.qasm,gate_deletion,0.05,1,0.6,1
2,8,12,0,0,0,0,3,0,0,0,0,2,0,quantumwalks_n2.qasm,gate_deletion,0.05,2,0.605,1
2,9,14,0,0,1,0,3,0,0,0,0,2,0,quantumwalks_n2.qasm,gate_insertion,0.005,0,0.96,1
2,9,14,0,0,1,0,3,0,0,0,0,2,0,quantumwalks_n2.qasm,gate_insertion,0.005,1,0.96,1
2,9,14,0,0,1,0,3,0,0,0,0,2,0,quantumwalks_n2.qasm,gate_insertion,0.005,2,0.95,1
2,9,14,0,0,1,0,3,0,0,0,0,2,0,quantumwalks_n2.qasm,gate_insertion,0.01,0,0.935,1
2,9,14,0,0,1,0,3,0,0,0,0,2,0,quantumwalks_n2.qasm,gate_insertion,0.01,1,0.96,1
2,9,14,0,0,1,0,3,0,0,0,0,2,0,quantumwalks_n2.qasm,gate_insertion,0.01,2,0.9299999999999999,1
2,9,14,0,0,1,0,3,0,0,0,0,2,0,quantumwalks_n2.qasm,gate_insertion,0.02,0,0.905,1
2,9,14,0,0,1,0,3,0,0,0,0,2,0,quantumwalks_n2.qasm,gate_insertion,0.02,1,0.9450000000000001,1
2,9,14,0,0,1,0,3,0,0,0,0,2,0,quantumwalks_n2.qasm,gate_insertion,0.02,2,0.9450000000000001,1
2,9,14,0,0,1,0,3,0,0,0,0,2,0,quantumwalks_n2.qasm,gate_insertion,0.03,0,0.8799999999999999,1
2,9,14,0,0,1,0,3,0,0,0,0,2,0,quantumwalks_n2.qasm,gate_insertion,0.03,1,0.9099999999999999,1
2,9,14,0,0,1,0,3,0,0,0,0,2,0,quantumwalks_n2.qasm,gate_insertion,0.03,2,0.8899999999999999,1
2,9,14,0,0,1,0,3,0,0,0,0,2,0,quantumwalks_n2.qasm,gate_insertion,0.04,0,0.88,1
2,9,14,0,0,1,0,3,0,0,0,0,2,0,quantumwalks_n2.qasm,gate_insertion,0.04,1,0.875,1
2,9,14,0,0,1,0,3,0,0,0,0,2,0,quantumwalks_n2.qasm,gate_insertion,0.04,2,0.855,1
2,9,14,0,0,1,0,3,0,0,0,0,2,0,quantumwalks_n2.qasm,gate_insertion,0.05,0,0.875,1
2,9,14,0,0,1,0,3,0,0,0,0,2,0,quantumwalks_n2.qasm,gate_insertion,0.05,1,0.87,1
2,9,14,0,0,1,0,3,0,0,0,0,2,0,quantumwalks_n2.qasm,gate_insertion,0.05,2,0.7949999999999999,1
2,8,13,0,0,1,0,3,0,0,0,0,2,0,quantumwalks_n2.qasm,gate_substitution,0.005,0,0.84,1
2,8,13,0,0,1,0,3,0,0,0,0,2,0,quantumwalks_n2.qasm,gate_substitution,0.005,1,0.835,1
2,8,13,0,0,1,0,3,0,0,0,0,2,0,quantumwalks_n2.qasm,gate_substitution,0.005,2,0.865,1
2,8,13,0,0,1,0,3,0,0,0,0,2,0,quantumwalks_n2.qasm,gate_substitution,0.01,0,0.845,1
2,8,13,0,0,1,0,3,0,0,0,0,2,0,quantumwalks_n2.qasm,gate_substitution,0.01,1,0.885,1
2,8,13,0,0,1,0,3,0,0,0,0,2,0,quantumwalks_n2.qasm,gate_substitution,0.01,2,0.8799999999999999,1
2,8,13,0,0,1,0,3,0,0,0,0,2,0,quantumwalks_n2.qasm,gate_substitution,0.02,0,0.85,1
2,8,13,0,0,1,0,3,0,0,0,0,2,0,quantumwalks_n2.qasm,gate_substitution,0.02,1,0.815,1
2,8,13,0,0,1,0,3,0,0,0,0,2,0,quantumwalks_n2.qasm,gate_substitution,0.02,2,0.825,1
2,8,13,0,0,1,0,3,0,0,0,0,2,0,quantumwalks_n2.qasm,gate_substitution,0.03,0,0.7849999999999999,1
2,8,13,0,0,1,0,3,0,0,0,0,2,0,quantumwalks_n2.qasm,gate_substitution,0.03,1,0.8500000000000001,1
2,8,13,0,0,1,0,3,0,0,0,0,2,0,quantumwalks_n2.qasm,gate_substitution,0.03,2,0.8300000000000001,1
2,8,13,0,0,1,0,3,0,0,0,0,2,0,quantumwalks_n2.qasm,gate_substitution,0.04,0,0.7849999999999999,1
2,8,13,0,0,1,0,3,0,0,0,0,2,0,quantumwalks_n2.qasm,gate_substitution,0.04,1,0.825,1
2,8,13,0,0,1,0,3,0,0,0,0,2,0,quantumwalks_n2.qasm,gate_substitution,0.04,2,0.79,1
2,8,13,0,0,1,0,3,0,0,0,0,2,0,quantumwalks_n2.qasm,gate_substitution,0.05,0,0.835,1
2,8,13,0,0,1,0,3,0,0,0,0,2,0,quantumwalks_n2.qasm,gate_substitution,0.05,1,0.78,1
2,8,13,0,0,1,0,3,0,0,0,0,2,0,quantumwalks_n2.qasm,gate_substitution,0.05,2,0.8049999999999999,1
2,10,16,1,2,0,0,3,0,0,0,0,2,0,quantumwalks_n2.qasm,multiple_gate_insertion,0.005,0,0.515,1
2,10,16,1,2,0,0,3,0,0,0,0,2,0,quantumwalks_n2.qasm,multiple_gate_insertion,0.005,1,0.495,1
2,10,16,1,2,0,0,3,0,0,0,0,2,0,quantumwalks_n2.qasm,multiple_gate_insertion,0.005,2,0.515,1
2,10,16,1,2,0,0,3,0,0,0,0,2,0,quantumwalks_n2.qasm,multiple_gate_insertion,0.01,0,0.5,1
2,10,16,1,2,0,0,3,0,0,0,0,2,0,quantumwalks_n2.qasm,multiple_gate_insertion,0.01,1,0.5549999999999999,1
2,10,16,1,2,0,0,3,0,0,0,0,2,0,quantumwalks_n2.qasm,multiple_gate_insertion,0.01,2,0.51,1
2,10,16,1,2,0,0,3,0,0,0,0,2,0,quantumwalks_n2.qasm,multiple_gate_insertion,0.02,0,0.5549999999999999,1
2,10,16,1,2,0,0,3,0,0,0,0,2,0,quantumwalks_n2.qasm,multiple_gate_insertion,0.02,1,0.49,1
2,10,16,1,2,0,0,3,0,0,0,0,2,0,quantumwalks_n2.qasm,multiple_gate_insertion,0.02,2,0.5700000000000001,1
2,10,16,1,2,0,0,3,0,0,0,0,2,0,quantumwalks_n2.qasm,multiple_gate_insertion,0.03,0,0.64,1
2,10,16,1,2,0,0,3,0,0,0,0,2,0,quantumwalks_n2.qasm,multiple_gate_insertion,0.03,1,0.5349999999999999,1
2,10,16,1,2,0,0,3,0,0,0,0,2,0,quantumwalks_n2.qasm,multiple_gate_insertion,0.03,2,0.56,1
2,10,16,1,2,0,0,3,0,0,0,0,2,0,quantumwalks_n2.qasm,multiple_gate_insertion,0.04,0,0.59,1
2,10,16,1,2,0,0,3,0,0,0,0,2,0,quantumwalks_n2.qasm,multiple_gate_insertion,0.04,1,0.5800000000000001,1
2,10,16,1,2,0,0,3,0,0,0,0,2,0,quantumwalks_n2.qasm,multiple_gate_insertion,0.04,2,0.635,1
2,10,16,1,2,0,0,3,0,0,0,0,2,0,quantumwalks_n2.qasm,multiple_gate_insertion,0.05,0,0.625,1
2,10,16,1,2,0,0,3,0,0,0,0,2,0,quantumwalks_n2.qasm,multiple_gate_insertion,0.05,1,0.665,1
2,10,16,1,2,0,0,3,0,0,0,0,2,0,quantumwalks_n2.qasm,multiple_gate_insertion,0.05,2,0.6699999999999999,1
2,8,13,0,0,0,0,3,0,0,0,0,2,0,quantumwalks_n2.qasm,normal,0.005,0,0.050000000000000024,0
2,8,13,0,0,0,0,3,0,0,0,0,2,0,quantumwalks_n2.qasm,normal,0.005,1,0.05999999999999997,0
2,8,13,0,0,0,0,3,0,0,0,0,2,0,quantumwalks_n2.qasm,normal,0.005,2,0.07499999999999998,0
2,8,13,0,0,0,0,3,0,0,0,0,2,0,quantumwalks_n2.qasm,normal,0.01,0,0.09499999999999999,0
2,8,13,0,0,0,0,3,0,0,0,0,2,0,quantumwalks_n2.qasm,normal,0.01,1,0.08499999999999998,0
2,8,13,0,0,0,0,3,0,0,0,0,2,0,quantumwalks_n2.qasm,normal,0.01,2,0.08499999999999999,0
2,8,13,0,0,0,0,3,0,0,0,0,2,0,quantumwalks_n2.qasm,normal,0.02,0,0.15000000000000002,0
2,8,13,0,0,0,0,3,0,0,0,0,2,0,quantumwalks_n2.qasm,normal,0.02,1,0.14500000000000002,0
2,8,13,0,0,0,0,3,0,0,0,0,2,0,quantumwalks_n2.qasm,normal,0.02,2,0.135,0
2,8,13,0,0,0,0,3,0,0,0,0,2,0,quantumwalks_n2.qasm,normal,0.03,0,0.255,0
2,8,13,0,0,0,0,3,0,0,0,0,2,0,quantumwalks_n2.qasm,normal,0.03,1,0.26,0
2,8,13,0,0,0,0,3,0,0,0,0,2,0,quantumwalks_n2.qasm,normal,0.03,2,0.18999999999999997,0
2,8,13,0,0,0,0,3,0,0,0,0,2,0,quantumwalks_n2.qasm,normal,0.04,0,0.33999999999999997,0
2,8,13,0,0,0,0,3,0,0,0,0,2,0,quantumwalks_n2.qasm,normal,0.04,1,0.27,0
2,8,13,0,0,0,0,3,0,0,0,0,2,0,quantumwalks_n2.qasm,normal,0.04,2,0.28,0
2,8,13,0,0,0,0,3,0,0,0,0,2,0,quantumwalks_n2.qasm,normal,0.05,0,0.45999999999999996,0
2,8,13,0,0,0,0,3,0,0,0,0,2,0,quantumwalks_n2.qasm,normal,0.05,1,0.31999999999999995,0
2,8,13,0,0,0,0,3,0,0,0,0,2,0,quantumwalks_n2.qasm,normal,0.05,2,0.39,0
7,21,41,9,20,0,0,0,0,0,0,0,2,0,sat_n7.qasm,gate_deletion,0.005,0,0.475,1
7,21,41,9,20,0,0,0,0,0,0,0,2,0,sat_n7.qasm,gate_deletion,0.005,1,0.49000000000000005,1
7,21,41,9,20,0,0,0,0,0,0,0,2,0,sat_n7.qasm,gate_deletion,0.005,2,0.535,1
7,21,41,9,20,0,0,0,0,0,0,0,2,0,sat_n7.qasm,gate_deletion,0.01,0,0.55,1
7,21,41,9,20,0,0,0,0,0,0,0,2,0,sat_n7.qasm,gate_deletion,0.01,1,0.575,1
7,21,41,9,20,0,0,0,0,0,0,0,2,0,sat_n7.qasm,gate_deletion,0.01,2,0.56,1
7,21,41,9,20,0,0,0,0,0,0,0,2,0,sat_n7.qasm,gate_deletion,0.02,0,0.52,1
7,21,41,9,20,0,0,0,0,0,0,0,2,0,sat_n7.qasm,gate_deletion,0.02,1,0.515,1
7,21,41,9,20,0,0,0,0,0,0,0,2,0,sat_n7.qasm,gate_deletion,0.02,2,0.615,1
7,21,41,9,20,0,0,0,0,0,0,0,2,0,sat_n7.qasm,gate_deletion,0.03,0,0.565,1
7,21,41,9,20,0,0,0,0,0,0,0,2,0,sat_n7.qasm,gate_deletion,0.03,1,0.54,1
7,21,41,9,20,0,0,0,0,0,0,0,2,0,sat_n7.qasm,gate_deletion,0.03,2,0.58,1
7,21,41,9,20,0,0,0,0,0,0,0,2,0,sat_n7.qasm,gate_deletion,0.04,0,0.5549999999999999,1
7,21,41,9,20,0,0,0,0,0,0,0,2,0,sat_n7.qasm,gate_deletion,0.04,1,0.605,1
7,21,41,9,20,0,0,0,0,0,0,0,2,0,sat_n7.qasm,gate_deletion,0.04,2,0.575,1
7,21,41,9,20,0,0,0,0,0,0,0,2,0,sat_n7.qasm,gate_deletion,0.05,0,0.63,1
7,21,41,9,20,0,0,0,0,0,0,0,2,0,sat_n7.qasm,gate_deletion,0.05,1,0.54,1
7,21,41,9,20,0,0,0,0,0,0,0,2,0,sat_n7.qasm,gate_deletion,0.05,2,0.6,1
7,22,43,9,21,0,1,0,0,0,0,0,2,0,sat_n7.qasm,gate_insertion,0.005,0,0.039999999999999966,1
7,22,43,9,21,0,1,0,0,0,0,0,2,0,sat_n7.qasm,gate_insertion,0.005,1,0.05999999999999997,1
7,22,43,9,21,0,1,0,0,0,0,0,2,0,sat_n7.qasm,gate_insertion,0.005,2,0.095,1
7,22,43,9,21,0,1,0,0,0,0,0,2,0,sat_n7.qasm,gate_insertion,0.01,0,0.10999999999999999,1
7,22,43,9,21,0,1,0,0,0,0,0,2,0,sat_n7.qasm,gate_insertion,0.01,1,0.07999999999999999,1
7,22,43,9,21,0,1,0,0,0,0,0,2,0,sat_n7.qasm,gate_insertion,0.01,2,0.09499999999999997,1
7,22,43,9,21,0,1,0,0,0,0,0,2,0,sat_n7.qasm,gate_insertion,0.02,0,0.21999999999999997,1
7,22,43,9,21,0,1,0,0,0,0,0,2,0,sat_n7.qasm,gate_insertion,0.02,1,0.275,1
7,22,43,9,21,0,1,0,0,0,0,0,2,0,sat_n7.qasm,gate_insertion,0.02,2,0.22999999999999998,1
7,22,43,9,21,0,1,0,0,0,0,0,2,0,sat_n7.qasm,gate_insertion,0.03,0,0.27999999999999997,1
7,22,43,9,21,0,1,0,0,0,0,0,2,0,sat_n7.qasm,gate_insertion,0.03,1,0.27,1
7,22,43,9,21,0,1,0,0,0,0,0,2,0,sat_n7.qasm,gate_insertion,0.03,2,0.31999999999999995,1
7,22,43,9,21,0,1,0,0,0,0,0,2,0,sat_n7.qasm,gate_insertion,0.04,0,0.345,1
7,22,43,9,21,0,1,0,0,0,0,0,2,0,sat_n7.qasm,gate_insertion,0.04,1,0.355,1
7,22,43,9,21,0,1,0,0,0,0,0,2,0,sat_n7.qasm,gate_insertion,0.04,2,0.32999999999999996,1
7,22,43,9,21,0,1,0,0,0,0,0,2,0,sat_n7.qasm,gate_insertion,0.05,0,0.385,1
7,22,43,9,21,0,1,0,0,0,0,0,2,0,sat_n7.qasm,gate_insertion,0.05,1,0.31499999999999995,1
7,22,43,9,21,0,1,0,0,0,0,0,2,0,sat_n7.qasm,gate_insertion,0.05,2,0.335,1
7,21,42,9,20,0,1,0,0,0,0,0,2,0,sat_n7.qasm,gate_substitution,0.005,0,0.465,1
7,21,42,9,20,0,1,0,0,0,0,0,2,0,sat_n7.qasm,gate_substitution,0.005,1,0.49500000000000005,1
7,21,42,9,20,0,1,0,0,0,0,0,2,0,sat_n7.qasm,gate_substitution,0.005,2,0.475,1
7,21,42,9,20,0,1,0,0,0,0,0,2,0,sat_n7.qasm,gate_substitution,0.01,0,0.505,1
7,21,42,9,20,0,1,0,0,0,0,0,2,0,sat_n7.qasm,gate_substitution,0.01,1,0.495,1
7,21,42,9,20,0,1,0,0,0,0,0,2,0,sat_n7.qasm,gate_substitution,0.01,2,0.55,1
7,21,42,9,20,0,1,0,0,0,0,0,2,0,sat_n7.qasm,gate_substitution,0.02,0,0.485,1
7,21,42,9,20,0,1,0,0,0,0,0,2,0,sat_n7.qasm,gate_substitution,0.02,1,0.53,1
7,21,42,9,20,0,1,0,0,0,0,0,2,0,sat_n7.qasm,gate_substitution,0.02,2,0.425,1
7,21,42,9,20,0,1,0,0,0,0,0,2,0,sat_n7.qasm,gate_substitution,0.03,0,0.51,1
7,21,42,9,20,0,1,0,0,0,0,0,2,0,sat_n7.qasm,gate_substitution,0.03,1,0.5,1
7,21,42,9,20,0,1,0,0,0,0,0,2,0,sat_n7.qasm,gate_substitution,0.03,2,0.5049999999999999,1
7,21,42,9,20,0,1,0,0,0,0,0,2,0,sat_n7.qasm,gate_substitution,0.04,0,0.58,1
7,21,42,9,20,0,1,0,0,0,0,0,2,0,sat_n7.qasm,gate_substitution,0.04,1,0.495,1
7,21,42,9,20,0,1,0,0,0,0,0,2,0,sat_n7.qasm,gate_substitution,0.04,2,0.52,1
7,21,42,9,20,0,1,0,0,0,0,0,2,0,sat_n7.qasm,gate_substitution,0.05,0,0.5449999999999999,1
7,21,42,9,20,0,1,0,0,0,0,0,2,0,sat_n7.qasm,gate_substitution,0.05,1,0.51,1
7,21,42,9,20,0,1,0,0,0,0,0,2,0,sat_n7.qasm,gate_substitution,0.05,2,0.61,1
7,21,45,9,21,1,2,0,0,0,0,0,2,0,sat_n7.qasm,multiple_gate_insertion,0.005,0,0.02000000000000001,1
7,21,45,9,21,1,2,0,0,0,0,0,2,0,sat_n7.qasm,multiple_gate_insertion,0.005,1,0.025000000000000012,1
7,21,45,9,21,1,2,0,0,0,0,0,2,0,sat_n7.qasm,multiple_gate_insertion,0.005,2,0.04999999999999997,1
7,21,45,9,21,1,2,0,0,0,0,0,2,0,sat_n7.qasm,multiple_gate_insertion,0.01,0,0.15,1
7,21,45,9,21,1,2,0,0,0,0,0,2,0,sat_n7.qasm,multiple_gate_insertion,0.01,1,0.11,1
7,21,45,9,21,1,2,0,0,0,0,0,2,0,sat_n7.qasm,multiple_gate_insertion,0.01,2,0.12000000000000001,1
7,21,45,9,21,1,2,0,0,0,0,0,2,0,sat_n7.qasm,multiple_gate_insertion,0.02,0,0.24,1
7,21,45,9,21,1,2,0,0,0,0,0,2,0,sat_n7.qasm,multiple_gate_insertion,0.02,1,0.24,1
7,21,45,9,21,1,2,0,0,0,0,0,2,0,sat_n7.qasm,multiple_gate_insertion,0.02,2,0.18499999999999997,1
7,21,45,9,21,1,2,0,0,0,0,0,2,0,sat_n7.qasm,multiple_gate_insertion,0.03,0,0.265,1
7,21,45,9,21,1,2,0,0,0,0,0,2,0,sat_n7.qasm,multiple_gate_insertion,0.03,1,0.22499999999999998,1
7,21,45,9,21,1,2,0,0,0,0,0,2,0,sat_n7.qasm,multiple_gate_insertion,0.03,2,0.255,1
7,21,45,9,21,1,2,0,0,0,0,0,2,0,sat_n7.qasm,multiple_gate_insertion,0.04,0,0.30999999999999994,1
7,21,45,9,21,1,2,0,0,0,0,0,2,0,sat_n7.qasm,multiple_gate_insertion,0.04,1,0.26,1
7,21,45,9,21,1,2,0,0,0,0,0,2,0,sat_n7.qasm,multiple_gate_insertion,0.04,2,0.355,1
7,21,45,9,21,1,2,0,0,0,0,0,2,0,sat_n7.qasm,multiple_gate_insertion,0.05,0,0.37,1
7,21,45,9,21,1,2,0,0,0,0,0,2,0,sat_n7.qasm,multiple_gate_insertion,0.05,1,0.32499999999999996,1
7,21,45,9,21,1,2,0,0,0,0,0,2,0,sat_n7.qasm,multiple_gate_insertion,0.05,2,0.37499999999999994,1
7,21,42,9,21,0,0,0,0,0,0,0,2,0,sat_n7.qasm,normal,0.005,0,0.07999999999999997,0
7,21,42,9,21,0,0,0,0,0,0,0,2,0,sat_n7.qasm,normal,0.005,1,0.12,0
7,21,42,9,21,0,0,0,0,0,0,0,2,0,sat_n7.qasm,normal,0.005,2,0.07499999999999998,0
7,21,42,9,21,0,0,0,0,0,0,0,2,0,sat_n7.qasm,normal,0.01,0,0.13,0
7,21,42,9,21,0,0,0,0,0,0,0,2,0,sat_n7.qasm,normal,0.01,1,0.07499999999999998,0
7,21,42,9,21,0,0,0,0,0,0,0,2,0,sat_n7.qasm,normal,0.01,2,0.14500000000000002,0
7,21,42,9,21,0,0,0,0,0,0,0,2,0,sat_n7.qasm,normal,0.02,0,0.21499999999999997,0
7,21,42,9,21,0,0,0,0,0,0,0,2,0,sat_n7.qasm,normal,0.02,1,0.23,0
7,21,42,9,21,0,0,0,0,0,0,0,2,0,sat_n7.qasm,normal,0.02,2,0.19499999999999998,0
7,21,42,9,21,0,0,0,0,0,0,0,2,0,sat_n7.qasm,normal,0.03,0,0.30499999999999994,0
7,21,42,9,21,0,0,0,0,0,0,0,2,0,sat_n7.qasm,normal,0.03,1,0.24999999999999997,0
7,21,42,9,21,0,0,0,0,0,0,0,2,0,sat_n7.qasm,normal,0.03,2,0.265,0
7,21,42,9,21,0,0,0,0,0,0,0,2,0,sat_n7.qasm,normal,0.04,0,0.31499999999999995,0
7,21,42,9,21,0,0,0,0,0,0,0,2,0,sat_n7.qasm,normal,0.04,1,0.31499999999999995,0
7,21,42,9,21,0,0,0,0,0,0,0,2,0,sat_n7.qasm,normal,0.04,2,0.265,0
7,21,42,9,21,0,0,0,0,0,0,0,2,0,sat_n7.qasm,normal,0.05,0,0.295,0
7,21,42,9,21,0,0,0,0,0,0,0,2,0,sat_n7.qasm,normal,0.05,1,0.375,0
7,21,42,9,21,0,0,0,0,0,0,0,2,0,sat_n7.qasm,normal,0.05,2,0.43,0
6,9,21,5,6,0,0,2,0,0,0,0,6,2,simon_n6.qasm,gate_deletion,0.005,0,0.44500000000000023,1
6,9,21,5,6,0,0,2,0,0,0,0,6,2,simon_n6.qasm,gate_deletion,0.005,1,0.5250000000000002,1
6,9,21,5,6,0,0,2,0,0,0,0,6,2,simon_n6.qasm,gate_deletion,0.005,2,0.5200000000000002,1
6,9,21,5,6,0,0,2,0,0,0,0,6,2,simon_n6.qasm,gate_deletion,0.01,0,0.43000000000000016,1
6,9,21,5,6,0,0,2,0,0,0,0,6,2,simon_n6.qasm,gate_deletion,0.01,1,0.5250000000000002,1
6,9,21,5,6,0,0,2,0,0,0,0,6,2,simon_n6.qasm,gate_deletion,0.01,2,0.5000000000000002,1
6,9,21,5,6,0,0,2,0,0,0,0,6,2,simon_n6.qasm,gate_deletion,0.02,0,0.49000000000000027,1
6,9,21,5,6,0,0,2,0,0,0,0,6,2,simon_n6.qasm,gate_deletion,0.02,1,0.5450000000000002,1
6,9,21,5,6,0,0,2,0,0,0,0,6,2,simon_n6.qasm,gate_deletion,0.02,2,0.4500000000000003,1
6,9,21,5,6,0,0,2,0,0,0,0,6,2,simon_n6.qasm,gate_deletion,0.03,0,0.4700000000000002,1
6,9,21,5,6,0,0,2,0,0,0,0,6,2,simon_n6.qasm,gate_deletion,0.03,1,0.5650000000000002,1
6,9,21,5,6,0,0,2,0,0,0,0,6,2,simon_n6.qasm,gate_deletion,0.03,2,0.56,1
6,9,21,5,6,0,0,2,0,0,0,0,6,2,simon_n6.qasm,gate_deletion,0.04,0,0.5000000000000002,1
6,9,21,5,6,0,0,2,0,0,0,0,6,2,simon_n6.qasm,gate_deletion,0.04,1,0.5250000000000001,1
6,9,21,5,6,0,0,2,0,0,0,0,6,2,simon_n6.qasm,gate_deletion,0.04,2,0.5250000000000001,1
6,9,21,5,6,0,0,2,0,0,0,0,6,2,simon_n6.qasm,gate_deletion,0.05,0,0.5750000000000001,1
6,9,21,5,6,0,0,2,0,0,0,0,6,2,simon_n6.qasm,gate_deletion,0.05,1,0.5300000000000001,1
6,9,21,5,6,0,0,2,0,0,0,0,6,2,simon_n6.qasm,gate_deletion,0.05,2,0.5600000000000002,1
6,10,23,6,7,0,0,2,0,0,0,0,6,2,simon_n6.qasm,gate_insertion,0.005,0,0.9749999999999999,1
6,10,23,6,7,0,0,2,0,0,0,0,6,2,simon_n6.qasm,gate_insertion,0.005,1,0.9950000000000001,1
6,10,23,6,7,0,0,2,0,0,0,0,6,2,simon_n6.qasm,gate_insertion,0.005,2,0.9650000000000001,1
6,10,23,6,7,0,0,2,0,0,0,0,6,2,simon_n6.qasm,gate_insertion,0.01,0,0.9650000000000001,1
6,10,23,6,7,0,0,2,0,0,0,0,6,2,simon_n6.qasm,gate_insertion,0.01,1,0.9600000000000002,1
6,10,23,6,7,0,0,2,0,0,0,0,6,2,simon_n6.qasm,gate_insertion,0.01,2,0.9600000000000001,1
6,10,23,6,7,0,0,2,0,0,0,0,6,2,simon_n6.qasm,gate_insertion,0.02,0,0.91,1
6,10,23,6,7,0,0,2,0,0,0,0,6,2,simon_n6.qasm,gate_insertion,0.02,1,0.8950000000000001,1
6,10,23,6,7,0,0,2,0,0,0,0,6,2,simon_n6.qasm,gate_insertion,0.02,2,0.9350000000000005,1
6,10,23,6,7,0,0,2,0,0,0,0,6,2,simon_n6.qasm,gate_insertion,0.03,0,0.8800000000000002,1
6,10,23,6,7,0,0,2,0,0,0,0,6,2,simon_n6.qasm,gate_insertion,0.03,1,0.915,1
6,10,23,6,7,0,0,2,0,0,0,0,6,2,simon_n6.qasm,gate_insertion,0.03,2,0.8700000000000002,1
6,10,23,6,7,0,0,2,0,0,0,0,6,2,simon_n6.qasm,gate_insertion,0.04,0,0.8800000000000001,1
6,10,23,6,7,0,0,2,0,0,0,0,6,2,simon_n6.qasm,gate_insertion,0.04,1,0.8249999999999998,1
6,10,23,6,7,0,0,2,0,0,0,0,6,2,simon_n6.qasm,gate_insertion,0.04,2,0.8500000000000001,1
6,10,23,6,7,0,0,2,0,0,0,0,6,2,simon_n6.qasm,gate_insertion,0.05,0,0.865,1
6,10,23,6,7,0,0,2,0,0,0,0,6,2,simon_n6.qasm,gate_insertion,0.05,1,0.845,1
6,10,23,6,7,0,0,2,0,0,0,0,6,2,simon_n6.qasm,gate_insertion,0.05,2,0.8049999999999999,1
6,9,22,5,6,0,1,2,0,0,0,0,6,2,simon_n6.qasm,gate_substitution,0.005,0,0.5200000000000002,1
6,9,22,5,6,0,1,2,0,0,0,0,6,2,simon_n6.qasm,gate_substitution,0.005,1,0.48500000000000015,1
6,9,22,5,6,0,1,2,0,0,0,0,6,2,simon_n6.qasm,gate_substitution,0.005,2,0.5450000000000002,1
6,9,22,5,6,0,1,2,0,0,0,0,6,2,simon_n6.qasm,gate_substitution,0.01,0,0.5550000000000003,1
6,9,22,5,6,0,1,2,0,0,0,0,6,2,simon_n6.qasm,gate_substitution,0.01,1,0.4800000000000002,1
6,9,22,5,6,0,1,2,0,0,0,0,6,2,simon_n6.qasm,gate_substitution,0.01,2,0.5050000000000001,1
6,9,22,5,6,0,1,2,0,0,0,0,6,2,simon_n6.qasm,gate_substitution,0.02,0,0.5400000000000001,1
6,9,22,5,6,0,1,2,0,0,0,0,6,2,simon_n6.qasm,gate_substitution,0.02,1,0.5250000000000001,1
6,9,22,5,6,0,1,2,0,0,0,0,6,2,simon_n6.qasm,gate_substitution,0.02,2,0.46500000000000025,1
6,9,22,5,6,0,1,2,0,0,0,0,6,2,simon_n6.qasm,gate_substitution,0.03,0,0.48500000000000015,1
6,9,22,5,6,0,1,2,0,0,0,0,6,2,simon_n6.qasm,gate_substitution,0.03,1,0.5550000000000002,1
6,9,22,5,6,0,1,2,0,0,0,0,6,2,simon_n6.qasm,gate_substitution,0.03,2,0.5100000000000002,1
6,9,22,5,6,0,1,2,0,0,0,0,6,2,simon_n6.qasm,gate_substitution,0.04,0,0.5350000000000003,1
6,9,22,5,6,0,1,2,0,0,0,0,6,2,simon_n6.qasm,gate_substitution,0.04,1,0.5650000000000001,1
6,9,22,5,6,0,1,2,0,0,0,0,6,2,simon_n6.qasm,gate_substitution,0.04,2,0.5300000000000001,1
6,9,22,5,6,0,1,2,0,0,0,0,6,2,simon_n6.qasm,gate_substitution,0.05,0,0.5450000000000003,1
6,9,22,5,6,0,1,2,0,0,0,0,6,2,simon_n6.qasm,gate_substitution,0.05,1,0.5050000000000001,1
6,9,22,5,6,0,1,2,0,0,0,0,6,2,simon_n6.qasm,gate_substitution,0.05,2,0.5400000000000001,1
6,10,24,6,7,1,0,2,0,0,0,0,6,2,simon_n6.qasm,multiple_gate_insertion,0.005,0,0.16000000000000003,1
6,10,24,6,7,1,0,2,0,0,0,0,6,2,simon_n6.qasm,multiple_gate_insertion,0.005,1,0.16500000000000004,1
6,10,24,6,7,1,0,2,0,0,0,0,6,2,simon_n6.qasm,multiple_gate_insertion,0.005,2,0.21500000000000002,1
6,10,24,6,7,1,0,2,0,0,0,0,6,2,simon_n6.qasm,multiple_gate_insertion,0.01,0,0.18500000000000008,1
6,10,24,6,7,1,0,2,0,0,0,0,6,2,simon_n6.qasm,multiple_gate_insertion,0.01,1,0.21500000000000008,1
6,10,24,6,7,1,0,2,0,0,0,0,6,2,simon_n6.qasm,multiple_gate_insertion,0.01,2,0.22000000000000003,1
6,10,24,6,7,1,0,2,0,0,0,0,6,2,simon_n6.qasm,multiple_gate_insertion,0.02,0,0.17500000000000007,1
6,10,24,6,7,1,0,2,0,0,0,0,6,2,simon_n6.qasm,multiple_gate_insertion,0.02,1,0.2250000000000001,1
6,10,24,6,7,1,0,2,0,0,0,0,6,2,simon_n6.qasm,multiple_gate_insertion,0.02,2,0.21000000000000005,1
6,10,24,6,7,1,0,2,0,0,0,0,6,2,simon_n6.qasm,multiple_gate_insertion,0.03,0,0.2800000000000001,1
6,10,24,6,7,1,0,2,0,0,0,0,6,2,simon_n6.qasm,multiple_gate_insertion,0.03,1,0.22000000000000008,1
6,10,24,6,7,1,0,2,0,0,0,0,6,2,simon_n6.qasm,multiple_gate_insertion,0.03,2,0.2400000000000001,1
6,10,24,6,7,1,0,2,0,0,0,0,6,2,simon_n6.qasm,multiple_gate_insertion,0.04,0,0.22500000000000006,1
6,10,24,6,7,1,0,2,0,0,0,0,6,2,simon_n6.qasm,multiple_gate_insertion,0.04,1,0.2750000000000001,1
6,10,24,6,7,1,0,2,0,0,0,0,6,2,simon_n6.qasm,multiple_gate_insertion,0.04,2,0.23000000000000004,1
6,10,24,6,7,1,0,2,0,0,0,0,6,2,simon_n6.qasm,multiple_gate_insertion,0.05,0,0.2900000000000001,1
6,10,24,6,7,1,0,2,0,0,0,0,6,2,simon_n6.qasm,multiple_gate_insertion,0.05,1,0.26000000000000006,1
6,10,24,6,7,1,0,2,0,0,0,0,6,2,simon_n6.qasm,multiple_gate_insertion,0.05,2,0.28000000000000014,1
6,9,22,6,6,0,0,2,0,0,0,0,6,2,simon_n6.qasm,normal,0.005,0,0.18500000000000005,0
6,9,22,6,6,0,0,2,0,0,0,0,6,2,simon_n6.qasm,normal,0.005,1,0.14500000000000002,0
6,9,22,6,6,0,0,2,0,0,0,0,6,2,simon_n6.qasm,normal,0.005,2,0.21000000000000002,0
6,9,22,6,6,0,0,2,0,0,0,0,6,2,simon_n6.qasm,normal,0.01,0,0.29000000000000004,0
6,9,22,6,6,0,0,2,0,0,0,0,6,2,simon_n6.qasm,normal,0.01,1,0.135,0
6,9,22,6,6,0,0,2,0,0,0,0,6,2,simon_n6.qasm,normal,0.01,2,0.14500000000000005,0
6,9,22,6,6,0,0,2,0,0,0,0,6,2,simon_n6.qasm,normal,0.02,0,0.19500000000000003,0
6,9,22,6,6,0,0,2,0,0,0,0,6,2,simon_n6.qasm,normal,0.02,1,0.19000000000000006,0
6,9,22,6,6,0,0,2,0,0,0,0,6,2,simon_n6.qasm,normal,0.02,2,0.23000000000000007,0
6,9,22,6,6,0,0,2,0,0,0,0,6,2,simon_n6.qasm,normal,0.03,0,0.23,0
6,9,22,6,6,0,0,2,0,0,0,0,6,2,simon_n6.qasm,normal,0.03,1,0.31000000000000005,0
6,9,22,6,6,0,0,2,0,0,0,0,6,2,simon_n6.qasm,normal,0.03,2,0.2750000000000001,0
6,9,22,6,6,0,0,2,0,0,0,0,6,2,simon_n6.qasm,normal,0.04,0,0.2250000000000001,0
6,9,22,6,6,0,0,2,0,0,0,0,6,2,simon_n6.qasm,normal,0.04,1,0.2800000000000001,0
6,9,22,6,6,0,0,2,0,0,0,0,6,2,simon_n6.qasm,normal,0.04,2,0.2850000000000001,0
6,9,22,6,6,0,0,2,0,0,0,0,6,2,simon_n6.qasm,normal,0.05,0,0.21500000000000005,0
6,9,22,6,6,0,0,2,0,0,0,0,6,2,simon_n6.qasm,normal,0.05,1,0.24500000000000008,0
6,9,22,6,6,0,0,2,0,0,0,0,6,2,simon_n6.qasm,normal,0.05,2,0.3300000000000001,0
3,7,10,4,0,0,0,1,0,0,0,0,3,0,teleportation_n3.qasm,gate_deletion,0.005,0,0.405,1
3,7,10,4,0,0,0,1,0,0,0,0,3,0,teleportation_n3.qasm,gate_deletion,0.005,1,0.39000000000000007,1
3,7,10,4,0,0,0,1,0,0,0,0,3,0,teleportation_n3.qasm,gate_deletion,0.005,2,0.43000000000000005,1
3,7,10,4,0,0,0,1,0,0,0,0,3,0,teleportation_n3.qasm,gate_deletion,0.01,0,0.42000000000000004,1
3,7,10,4,0,0,0,1,0,0,0,0,3,0,teleportation_n3.qasm,gate_deletion,0.01,1,0.45,1
3,7,10,4,0,0,0,1,0,0,0,0,3,0,teleportation_n3.qasm,gate_deletion,0.01,2,0.415,1
3,7,10,4,0,0,0,1,0,0,0,0,3,0,teleportation_n3.qasm,gate_deletion,0.02,0,0.37000000000000005,1
3,7,10,4,0,0,0,1,0,0,0,0,3,0,teleportation_n3.qasm,gate_deletion,0.02,1,0.35000000000000003,1
3,7,10,4,0,0,0,1,0,0,0,0,3,0,teleportation_n3.qasm,gate_deletion,0.02,2,0.35500000000000004,1
3,7,10,4,0,0,0,1,0,0,0,0,3,0,teleportation_n3.qasm,gate_deletion,0.03,0,0.42,1
3,7,10,4,0,0,0,1,0,0,0,0,3,0,teleportation_n3.qasm,gate_deletion,0.03,1,0.37,1
3,7,10,4,0,0,0,1,0,0,0,0,3,0,teleportation_n3.qasm,gate_deletion,0.03,2,0.365,1
3,7,10,4,0,0,0,1,0,0,0,0,3,0,teleportation_n3.qasm,gate_deletion,0.04,0,0.395,1
3,7,10,4,0,0,0,1,0,0,0,0,3,0,teleportation_n3.qasm,gate_deletion,0.04,1,0.38,1
3,7,10,4,0,0,0,1,0,0,0,0,3,0,teleportation_n3.qasm,gate_deletion,0.04,2,0.41500000000000004,1
3,7,10,4,0,0,0,1,0,0,0,0,3,0,teleportation_n3.qasm,gate_deletion,0.05,0,0.4,1
3,7,10,4,0,0,0,1,0,0,0,0,3,0,teleportation_n3.qasm,gate_deletion,0.05,1,0.39,1
3,7,10,4,0,0,0,1,0,0,0,0,3,0,teleportation_n3.qasm,gate_deletion,0.05,2,0.36,1
3,8,12,4,0,0,1,2,0,0,0,0,3,0,teleportation_n3.qasm,gate_insertion,0.005,0,0.135,1
3,8,12,4,0,0,1,2,0,0,0,0,3,0,teleportation_n3.qasm,gate_insertion,0.005,1,0.13,1
3,8,12,4,0,0,1,2,0,0,0,0,3,0,teleportation_n3.qasm,gate_insertion,0.005,2,0.18000000000000002,1
3,8,12,4,0,0,1,2,0,0,0,0,3,0,teleportation_n3.qasm,gate_insertion,0.01,0,0.14500000000000002,1
3,8,12,4,0,0,1,2,0,0,0,0,3,0,teleportation_n3.qasm,gate_insertion,0.01,1,0.15500000000000003,1
3,8,12,4,0,0,1,2,0,0,0,0,3,0,teleportation_n3.qasm,gate_insertion,0.01,2,0.135,1
3,8,12,4,0,0,1,2,0,0,0,0,3,0,teleportation_n3.qasm,gate_insertion,0.02,0,0.14,1
3,8,12,4,0,0,1,2,0,0,0,0,3,0,teleportation_n3.qasm,gate_insertion,0.02,1,0.12,1
3,8,12,4,0,0,1,2,0,0,0,0,3,0,teleportation_n3.qasm,gate_insertion,0.02,2,0.16000000000000003,1
3,8,12,4,0,0,1,2,0,0,0,0,3,0,teleportation_n3.qasm,gate_insertion,0.03,0,0.09000000000000001,1
3,8,12,4,0,0,1,2,0,0,0,0,3,0,teleportation_n3.qasm,gate_insertion,0.03,1,0.13,1
3,8,12,4,0,0,1,2,0,0,0,0,3,0,teleportation_n3.qasm,gate_insertion,0.03,2,0.18000000000000002,1
3,8,12,4,0,0,1,2,0,0,0,0,3,0,teleportation_n3.qasm,gate_insertion,0.04,0,0.2,1
3,8,12,4,0,0,1,2,0,0,0,0,3,0,teleportation_n3.qasm,gate_insertion,0.04,1,0.16,1
3,8,12,4,0,0,1,2,0,0,0,0,3,0,teleportation_n3.qasm,gate_insertion,0.04,2,0.21000000000000002,1
3,8,12,4,0,0,1,2,0,0,0,0,3,0,teleportation_n3.qasm,gate_insertion,0.05,0,0.20500000000000002,1
3,8,12,4,0,0,1,2,0,0,0,0,3,0,teleportation_n3.qasm,gate_insertion,0.05,1,0.185,1
3,8,12,4,0,0,1,2,0,0,0,0,3,0,teleportation_n3.qasm,gate_insertion,0.05,2,0.17000000000000004,1
3,7,11,3,1,0,0,2,0,0,0,0,3,0,teleportation_n3.qasm,gate_substitution,0.005,0,0.4,1
3,7,11,3,1,0,0,2,0,0,0,0,3,0,teleportation_n3.qasm,gate_substitution,0.005,1,0.40499999999999997,1
3,7,11,3,1,0,0,2,0,0,0,0,3,0,teleportation_n3.qasm,gate_substitution,0.005,2,0.405,1
3,7,11,3,1,0,0,2,0,0,0,0,3,0,teleportation_n3.qasm,gate_substitution,0.01,0,0.44,1
3,7,11,3,1,0,0,2,0,0,0,0,3,0,teleportation_n3.qasm,gate_substitution,0.01,1,0.36500000000000005,1
3,7,11,3,1,0,0,2,0,0,0,0,3,0,teleportation_n3.qasm,gate_substitution,0.01,2,0.39999999999999997,1
3,7,11,3,1,0,0,2,0,0,0,0,3,0,teleportation_n3.qasm,gate_substitution,0.02,0,0.39,1
3,7,11,3,1,0,0,2,0,0,0,0,3,0,teleportation_n3.qasm,gate_substitution,0.02,1,0.415,1
3,7,11,3,1,0,0,2,0,0,0,0,3,0,teleportation_n3.qasm,gate_substitution,0.02,2,0.38500000000000006,1
3,7,11,3,1,0,0,2,0,0,0,0,3,0,teleportation_n3.qasm,gate_substitution,0.03,0,0.4000000000000001,1
3,7,11,3,1,0,0,2,0,0,0,0,3,0,teleportation_n3.qasm,gate_substitution,0.03,1,0.39,1
3,7,11,3,1,0,0,2,0,0,0,0,3,0,teleportation_n3.qasm,gate_substitution,0.03,2,0.42500000000000004,1
3,7,11,3,1,0,0,2,0,0,0,0,3,0,teleportation_n3.qasm,gate_substitution,0.04,0,0.375,1
3,7,11,3,1,0,0,2,0,0,0,0,3,0,teleportation_n3.qasm,gate_substitution,0.04,1,0.395,1
3,7,11,3,1,0,0,2,0,0,0,0,3,0,teleportation_n3.qasm,gate_substitution,0.04,2,0.41500000000000004,1
3,7,11,3,1,0,0,2,0,0,0,0,3,0,teleportation_n3.qasm,gate_substitution,0.05,0,0.405,1
3,7,11,3,1,0,0,2,0,0,0,0,3,0,teleportation_n3.qasm,gate_substitution,0.05,1,0.39,1
3,7,11,3,1,0,0,2,0,0,0,0,3,0,teleportation_n3.qasm,gate_substitution,0.05,2,0.30500000000000005,1
3,8,14,5,0,0,2,2,0,0,0,0,3,0,teleportation_n3.qasm,multiple_gate_insertion,0.005,0,0.47,1
3,8,14,5,0,0,2,2,0,0,0,0,3,0,teleportation_n3.qasm,multiple_gate_insertion,0.005,1,0.51,1
3,8,14,5,0,0,2,2,0,0,0,0,3,0,teleportation_n3.qasm,multiple_gate_insertion,0.005,2,0.485,1
3,8,14,5,0,0,2,2,0,0,0,0,3,0,teleportation_n3.qasm,multiple_gate_insertion,0.01,0,0.45,1
3,8,14,5,0,0,2,2,0,0,0,0,3,0,teleportation_n3.qasm,multiple_gate_insertion,0.01,1,0.455,1
3,8,14,5,0,0,2,2,0,0,0,0,3,0,teleportation_n3.qasm,multiple_gate_insertion,0.01,2,0.46499999999999997,1
3,8,14,5,0,0,2,2,0,0,0,0,3,0,teleportation_n3.qasm,multiple_gate_insertion,0.02,0,0.475,1
3,8,14,5,0,0,2,2,0,0,0,0,3,0,teleportation_n3.qasm,multiple_gate_insertion,0.02,1,0.43500000000000005,1
3,8,14,5,0,0,2,2,0,0,0,0,3,0,teleportation_n3.qasm,multiple_gate_insertion,0.02,2,0.44999999999999996,1
3,8,14,5,0,0,2,2,0,0,0,0,3,0,teleportation_n3.qasm,multiple_gate_insertion,0.03,0,0.46499999999999997,1
3,8,14,5,0,0,2,2,0,0,0,0,3,0,teleportation_n3.qasm,multiple_gate_insertion,0.03,1,0.44000000000000006,1
3,8,14,5,0,0,2,2,0,0,0,0,3,0,teleportation_n3.qasm,multiple_gate_insertion,0.03,2,0.385,1
3,8,14,5,0,0,2,2,0,0,0,0,3,0,teleportation_n3.qasm,multiple_gate_insertion,0.04,0,0.45999999999999996,1
3,8,14,5,0,0,2,2,0,0,0,0,3,0,teleportation_n3.qasm,multiple_gate_insertion,0.04,1,0.375,1
3,8,14,5,0,0,2,2,0,0,0,0,3,0,teleportation_n3.qasm,multiple_gate_insertion,0.04,2,0.44499999999999995,1
3,8,14,5,0,0,2,2,0,0,0,0,3,0,teleportation_n3.qasm,multiple_gate_insertion,0.05,0,0.44000000000000006,1
3,8,14,5,0,0,2,2,0,0,0,0,3,0,teleportation_n3.qasm,multiple_gate_insertion,0.05,1,0.36500000000000005,1
3,8,14,5,0,0,2,2,0,0,0,0,3,0,teleportation_n3.qasm,multiple_gate_insertion,0.05,2,0.42000000000000004,1
3,7,11,4,0,0,0,2,0,0,0,0,3,0,teleportation_n3.qasm,normal,0.005,0,0.185,0
3,7,11,4,0,0,0,2,0,0,0,0,3,0,teleportation_n3.qasm,normal,0.005,1,0.09000000000000001,0
3,7,11,4,0,0,0,2,0,0,0,0,3,0,teleportation_n3.qasm,normal,0.005,2,0.125,0
3,7,11,4,0,0,0,2,0,0,0,0,3,0,teleportation_n3.qasm,normal,0.01,0,0.11500000000000002,0
3,7,11,4,0,0,0,2,0,0,0,0,3,0,teleportation_n3.qasm,normal,0.01,1,0.115,0
3,7,11,4,0,0,0,2,0,0,0,0,3,0,teleportation_n3.qasm,normal,0.01,2,0.12500000000000003,0
3,7,11,4,0,0,0,2,0,0,0,0,3,0,teleportation_n3.qasm,normal,0.02,0,0.16000000000000003,0
3,7,11,4,0,0,0,2,0,0,0,0,3,0,teleportation_n3.qasm,normal,0.02,1,0.12500000000000003,0
3,7,11,4,0,0,0,2,0,0,0,0,3,0,teleportation_n3.qasm,normal,0.02,2,0.15000000000000002,0
3,7,11,4,0,0,0,2,0,0,0,0,3,0,teleportation_n3.qasm,normal,0.03,0,0.16999999999999998,0
3,7,11,4,0,0,0,2,0,0,0,0,3,0,teleportation_n3.qasm,normal,0.03,1,0.21000000000000002,0
3,7,11,4,0,0,0,2,0,0,0,0,3,0,teleportation_n3.qasm,normal,0.03,2,0.20500000000000002,0
3,7,11,4,0,0,0,2,0,0,0,0,3,0,teleportation_n3.qasm,normal,0.04,0,0.18000000000000005,0
3,7,11,4,0,0,0,2,0,0,0,0,3,0,teleportation_n3.qasm,normal,0.04,1,0.21500000000000002,0
3,7,11,4,0,0,0,2,0,0,0,0,3,0,teleportation_n3.qasm,normal,0.04,2,0.17500000000000004,0
3,7,11,4,0,0,0,2,0,0,0,0,3,0,teleportation_n3.qasm,normal,0.05,0,0.14,0
3,7,11,4,0,0,0,2,0,0,0,0,3,0,teleportation_n3.qasm,normal,0.05,1,0.17,0
3,7,11,4,0,0,0,2,0,0,0,0,3,0,teleportation_n3.qasm,normal,0.05,2,0.18,0
3,13,20,2,2,0,0,6,0,0,0,0,3,0,toffoli_n3.qasm,gate_deletion,0.005,0,0.07499999999999998,1
3,13,20,2,2,0,0,6,0,0,0,0,3,0,toffoli_n3.qasm,gate_deletion,0.005,1,0.060000000000000026,1
3,13,20,2,2,0,0,6,0,0,0,0,3,0,toffoli_n3.qasm,gate_deletion,0.005,2,0.030000000000000013,1
3,13,20,2,2,0,0,6,0,0,0,0,3,0,toffoli_n3.qasm,gate_deletion,0.01,0,0.09,1
3,13,20,2,2,0,0,6,0,0,0,0,3,0,toffoli_n3.qasm,gate_deletion,0.01,1,0.08999999999999998,1
3,13,20,2,2,0,0,6,0,0,0,0,3,0,toffoli_n3.qasm,gate_deletion,0.01,2,0.115,1
3,13,20,2,2,0,0,6,0,0,0,0,3,0,toffoli_n3.qasm,gate_deletion,0.02,0,0.21000000000000002,1
3,13,20,2,2,0,0,6,0,0,0,0,3,0,toffoli_n3.qasm,gate_deletion,0.02,1,0.17000000000000004,1
3,13,20,2,2,0,0,6,0,0,0,0,3,0,toffoli_n3.qasm,gate_deletion,0.02,2,0.21000000000000002,1
3,13,20,2,2,0,0,6,0,0,0,0,3,0,toffoli_n3.qasm,gate_deletion,0.03,0,0.275,1
3,13,20,2,2,0,0,6,0,0,0,0,3,0,toffoli_n3.qasm,gate_deletion,0.03,1,0.22999999999999998,1
3,13,20,2,2,0,0,6,0,0,0,0,3,0,toffoli_n3.qasm,gate_deletion,0.03,2,0.24500000000000002,1
3,13,20,2,2,0,0,6,0,0,0,0,3,0,toffoli_n3.qasm,gate_deletion,0.04,0,0.3400000000000001,1
3,13,20,2,2,0,0,6,0,0,0,0,3,0,toffoli_n3.qasm,gate_deletion,0.04,1,0.385,1
3,13,20,2,2,0,0,6,0,0,0,0,3,0,toffoli_n3.qasm,gate_deletion,0.04,2,0.33499999999999996,1
3,13,20,2,2,0,0,6,0,0,0,0,3,0,toffoli_n3.qasm,gate_deletion,0.05,0,0.4300000000000001,1
3,13,20,2,2,0,0,6,0,0,0,0,3,0,toffoli_n3.qasm,gate_deletion,0.05,1,0.45999999999999996,1
3,13,20,2,2,0,0,6,0,0,0,0,3,0,toffoli_n3.qasm,gate_deletion,0.05,2,0.4700000000000001,1
3,13,22,2,3,0,0,6,0,0,0,0,3,0,toffoli_n3.qasm,gate_insertion,0.005,0,0.9799999999999999,1
3,13,22,2,3,0,0,6,0,0,0,0,3,0,toffoli_n3.qasm,gate_insertion,0.005,1,0.9749999999999999,1
3,13,22,2,3,0,0,6,0,0,0,0,3,0,toffoli_n3.qasm,gate_insertion,0.005,2,0.985,1
3,13,22,2,3,0,0,6,0,0,0,0,3,0,toffoli_n3.qasm,gate_insertion,0.01,0,0.9749999999999999,1
3,13,22,2,3,0,0,6,0,0,0,0,3,0,toffoli_n3.qasm,gate_insertion,0.01,1,0.9849999999999999,1
3,13,22,2,3,0,0,6,0,0,0,0,3,0,toffoli_n3.qasm,gate_insertion,0.01,2,0.9749999999999999,1
3,13,22,2,3,0,0,6,0,0,0,0,3,0,toffoli_n3.qasm,gate_insertion,0.02,0,0.9649999999999999,1
3,13,22,2,3,0,0,6,0,0,0,0,3,0,toffoli_n3.qasm,gate_insertion,0.02,1,0.9499999999999998,1
3,13,22,2,3,0,0,6,0,0,0,0,3,0,toffoli_n3.qasm,gate_insertion,0.02,2,0.9449999999999998,1
3,13,22,2,3,0,0,6,0,0,0,0,3,0,toffoli_n3.qasm,gate_insertion,0.03,0,0.935,1
3,13,22,2,3,0,0,6,0,0,0,0,3,0,toffoli_n3.qasm,gate_insertion,0.03,1,0.9149999999999999,1
3,13,22,2,3,0,0,6,0,0,0,0,3,0,toffoli_n3.qasm,gate_insertion,0.03,2,0.9299999999999999,1
3,13,22,2,3,0,0,6,0,0,0,0,3,0,toffoli_n3.qasm,gate_insertion,0.04,0,0.93,1
3,13,22,2,3,0,0,6,0,0,0,0,3,0,toffoli_n3.qasm,gate_insertion,0.04,1,0.8749999999999999,1
3,13,22,2,3,0,0,6,0,0,0,0,3,0,toffoli_n3.qasm,gate_insertion,0.04,2,0.8900000000000001,1
3,13,22,2,3,0,0,6,0,0,0,0,3,0,toffoli_n3.qasm,gate_insertion,0.05,0,0.8900000000000001,1
3,13,22,2,3,0,0,6,0,0,0,0,3,0,toffoli_n3.qasm,gate_insertion,0.05,1,0.8800000000000001,1
3,13,22,2,3,0,0,6,0,0,0,0,3,0,toffoli_n3.qasm,gate_insertion,0.05,2,0.875,1
3,13,21,2,3,0,0,6,0,0,0,0,3,0,toffoli_n3.qasm,gate_substitution,0.005,0,0.88,1
3,13,21,2,3,0,0,6,0,0,0,0,3,0,toffoli_n3.qasm,gate_substitution,0.005,1,0.8049999999999997,1
3,13,21,2,3,0,0,6,0,0,0,0,3,0,toffoli_n3.qasm,gate_substitution,0.005,2,0.835,1
3,13,21,2,3,0,0,6,0,0,0,0,3,0,toffoli_n3.qasm,gate_substitution,0.01,0,0.875,1
3,13,21,2,3,0,0,6,0,0,0,0,3,0,toffoli_n3.qasm,gate_substitution,0.01,1,0.8699999999999999,1
3,13,21,2,3,0,0,6,0,0,0,0,3,0,toffoli_n3.qasm,gate_substitution,0.01,2,0.8799999999999999,1
3,13,21,2,3,0,0,6,0,0,0,0,3,0,toffoli_n3.qasm,gate_substitution,0.02,0,0.8799999999999999,1
3,13,21,2,3,0,0,6,0,0,0,0,3,0,toffoli_n3.qasm,gate_substitution,0.02,1,0.8049999999999999,1
3,13,21,2,3,0,0,6,0,0,0,0,3,0,toffoli_n3.qasm,gate_substitution,0.02,2,0.85,1
3,13,21,2,3,0,0,6,0,0,0,0,3,0,toffoli_n3.qasm,gate_substitution,0.03,0,0.845,1
3,13,21,2,3,0,0,6,0,0,0,0,3,0,toffoli_n3.qasm,gate_substitution,0.03,1,0.825,1
3,13,21,2,3,0,0,6,0,0,0,0,3,0,toffoli_n3.qasm,gate_substitution,0.03,2,0.835,1
3,13,21,2,3,0,0,6,0,0,0,0,3,0,toffoli_n3.qasm,gate_substitution,0.04,0,0.8949999999999999,1
3,13,21,2,3,0,0,6,0,0,0,0,3,0,toffoli_n3.qasm,gate_substitution,0.04,1,0.825,1
3,13,21,2,3,0,0,6,0,0,0,0,3,0,toffoli_n3.qasm,gate_substitution,0.04,2,0.7549999999999999,1
3,13,21,2,3,0,0,6,0,0,0,0,3,0,toffoli_n3.qasm,gate_substitution,0.05,0,0.815,1
3,13,21,2,3,0,0,6,0,0,0,0,3,0,toffoli_n3.qasm,gate_substitution,0.05,1,0.85,1
3,13,21,2,3,0,0,6,0,0,0,0,3,0,toffoli_n3.qasm,gate_substitution,0.05,2,0.8399999999999999,1
3,14,23,2,3,0,1,6,0,0,0,0,3,0,toffoli_n3.qasm,multiple_gate_insertion,0.005,0,0.9849999999999999,1
3,14,23,2,3,0,1,6,0,0,0,0,3,0,toffoli_n3.qasm,multiple_gate_insertion,0.005,1,0.995,1
3,14,23,2,3,0,1,6,0,0,0,0,3,0,toffoli_n3.qasm,multiple_gate_insertion,0.005,2,0.985,1
3,14,23,2,3,0,1,6,0,0,0,0,3,0,toffoli_n3.qasm,multiple_gate_insertion,0.01,0,0.9749999999999999,1
3,14,23,2,3,0,1,6,0,0,0,0,3,0,toffoli_n3.qasm,multiple_gate_insertion,0.01,1,0.9549999999999997,1
3,14,23,2,3,0,1,6,0,0,0,0,3,0,toffoli_n3.qasm,multiple_gate_insertion,0.01,2,0.955,1
3,14,23,2,3,0,1,6,0,0,0,0,3,0,toffoli_n3.qasm,multiple_gate_insertion,0.02,0,0.9649999999999997,1
3,14,23,2,3,0,1,6,0,0,0,0,3,0,toffoli_n3.qasm,multiple_gate_insertion,0.02,1,0.9749999999999999,1
3,14,23,2,3,0,1,6,0,0,0,0,3,0,toffoli_n3.qasm,multiple_gate_insertion,0.02,2,0.9149999999999999,1
3,14,23,2,3,0,1,6,0,0,0,0,3,0,toffoli_n3.qasm,multiple_gate_insertion,0.03,0,0.8749999999999998,1
3,14,23,2,3,0,1,6,0,0,0,0,3,0,toffoli_n3.qasm,multiple_gate_insertion,0.03,1,0.8899999999999998,1
3,14,23,2,3,0,1,6,0,0,0,0,3,0,toffoli_n3.qasm,multiple_gate_insertion,0.03,2,0.8749999999999999,1
3,14,23,2,3,0,1,6,0,0,0,0,3,0,toffoli_n3.qasm,multiple_gate_insertion,0.04,0,0.95,1
3,14,23,2,3,0,1,6,0,0,0,0,3,0,toffoli_n3.qasm,multiple_gate_insertion,0.04,1,0.9349999999999999,1
3,14,23,2,3,0,1,6,0,0,0,0,3,0,toffoli_n3.qasm,multiple_gate_insertion,0.04,2,0.9,1
3,14,23,2,3,0,1,6,0,0,0,0,3,0,toffoli_n3.qasm,multiple_gate_insertion,0.05,0,0.91,1
3,14,23,2,3,0,1,6,0,0,0,0,3,0,toffoli_n3.qasm,multiple_gate_insertion,0.05,1,0.9199999999999999,1
3,14,23,2,3,0,1,6,0,0,0,0,3,0,toffoli_n3.qasm,multiple_gate_insertion,0.05,2,0.8200000000000001,1
3,13,21,2,2,0,0,6,0,0,0,0,3,0,toffoli_n3.qasm,normal,0.005,0,0.06999999999999998,0
3,13,21,2,2,0,0,6,0,0,0,0,3,0,toffoli_n3.qasm,normal,0.005,1,0.05500000000000002,0
3,13,21,2,2,0,0,6,0,0,0,0,3,0,toffoli_n3.qasm,normal,0.005,2,0.05500000000000002,0
3,13,21,2,2,0,0,6,0,0,0,0,3,0,toffoli_n3.qasm,normal,0.01,0,0.12499999999999999,0
3,13,21,2,2,0,0,6,0,0,0,0,3,0,toffoli_n3.qasm,normal,0.01,1,0.125,0
3,13,21,2,2,0,0,6,0,0,0,0,3,0,toffoli_n3.qasm,normal,0.01,2,0.07999999999999999,0
3,13,21,2,2,0,0,6,0,0,0,0,3,0,toffoli_n3.qasm,normal,0.02,0,0.18500000000000005,0
3,13,21,2,2,0,0,6,0,0,0,0,3,0,toffoli_n3.qasm,normal,0.02,1,0.22000000000000003,0
3,13,21,2,2,0,0,6,0,0,0,0,3,0,toffoli_n3.qasm,normal,0.02,2,0.20500000000000002,0
3,13,21,2,2,0,0,6,0,0,0,0,3,0,toffoli_n3.qasm,normal,0.03,0,0.265,0
3,13,21,2,2,0,0,6,0,0,0,0,3,0,toffoli_n3.qasm,normal,0.03,1,0.28,0
3,13,21,2,2,0,0,6,0,0,0,0,3,0,toffoli_n3.qasm,normal,0.03,2,0.225,0
3,13,21,2,2,0,0,6,0,0,0,0,3,0,toffoli_n3.qasm,normal,0.04,0,0.34,0
3,13,21,2,2,0,0,6,0,0,0,0,3,0,toffoli_n3.qasm,normal,0.04,1,0.32500000000000007,0
3,13,21,2,2,0,0,6,0,0,0,0,3,0,toffoli_n3.qasm,normal,0.04,2,0.32500000000000007,0
3,13,21,2,2,0,0,6,0,0,0,0,3,0,toffoli_n3.qasm,normal,0.05,0,0.44499999999999995,0
3,13,21,2,2,0,0,6,0,0,0,0,3,0,toffoli_n3.qasm,normal,0.05,1,0.365,0
3,13,21,2,2,0,0,6,0,0,0,0,3,0,toffoli_n3.qasm,normal,0.05,2,0.41500000000000004,0
4,34,57,7,2,0,0,16,0,0,0,28,4,0,variational_n4.qasm,gate_deletion,0.005,0,0.18000000000000002,1
4,34,57,7,2,0,0,16,0,0,0,28,4,0,variational_n4.qasm,gate_deletion,0.005,1,0.15000000000000002,1
4,34,57,7,2,0,0,16,0,0,0,28,4,0,variational_n4.qasm,gate_deletion,0.005,2,0.20000000000000004,1
4,34,57,7,2,0,0,16,0,0,0,28,4,0,variational_n4.qasm,gate_deletion,0.01,0,0.24500000000000005,1
4,34,57,7,2,0,0,16,0,0,0,28,4,0,variational_n4.qasm,gate_deletion,0.01,1,0.2750000000000001,1
4,34,57,7,2,0,0,16,0,0,0,28,4,0,variational_n4.qasm,gate_deletion,0.01,2,0.305,1
4,34,57,7,2,0,0,16,0,0,0,28,4,0,variational_n4.qasm,gate_deletion,0.02,0,0.4650000000000001,1
4,34,57,7,2,0,0,16,0,0,0,28,4,0,variational_n4.qasm,gate_deletion,0.02,1,0.5,1
4,34,57,7,2,0,0,16,0,0,0,28,4,0,variational_n4.qasm,gate_deletion,0.02,2,0.5,1
4,34,57,7,2,0,0,16,0,0,0,28,4,0,variational_n4.qasm,gate_deletion,0.03,0,0.5800000000000001,1
4,34,57,7,2,0,0,16,0,0,0,28,4,0,variational_n4.qasm,gate_deletion,0.03,1,0.6100000000000001,1
4,34,57,7,2,0,0,16,0,0,0,28,4,0,variational_n4.qasm,gate_deletion,0.03,2,0.5750000000000001,1
4,34,57,7,2,0,0,16,0,0,0,28,4,0,variational_n4.qasm,gate_deletion,0.04,0,0.6299999999999999,1
4,34,57,7,2,0,0,16,0,0,0,28,4,0,variational_n4.qasm,gate_deletion,0.04,1,0.605,1
4,34,57,7,2,0,0,16,0,0,0,28,4,0,variational_n4.qasm,gate_deletion,0.04,2,0.6050000000000001,1
4,34,57,7,2,0,0,16,0,0,0,28,4,0,variational_n4.qasm,gate_deletion,0.05,0,0.675,1
4,34,57,7,2,0,0,16,0,0,0,28,4,0,variational_n4.qasm,gate_deletion,0.05,1,0.6950000000000001,1
4,34,57,7,2,0,0,16,0,0,0,28,4,0,variational_n4.qasm,gate_deletion,0.05,2,0.67,1
4,35,59,8,2,1,0,16,0,0,0,28,4,0,variational_n4.qasm,gate_insertion,0.005,0,0.9450000000000001,1
4,35,59,8,2,1,0,16,0,0,0,28,4,0,variational_n4.qasm,gate_insertion,0.005,1,0.9349999999999998,1
4,35,59,8,2,1,0,16,0,0,0,28,4,0,variational_n4.qasm,gate_insertion,0.005,2,0.9499999999999998,1
4,35,59,8,2,1,0,16,0,0,0,28,4,0,variational_n4.qasm,gate_insertion,0.01,0,0.8900000000000001,1
4,35,59,8,2,1,0,16,0,0,0,28,4,0,variational_n4.qasm,gate_insertion,0.01,1,0.8899999999999999,1
4,35,59,8,2,1,0,16,0,0,0,28,4,0,variational_n4.qasm,gate_insertion,0.01,2,0.8749999999999999,1
4,35,59,8,2,1,0,16,0,0,0,28,4,0,variational_n4.qasm,gate_insertion,0.02,0,0.865,1
4,35,59,8,2,1,0,16,0,0,0,28,4,0,variational_n4.qasm,gate_insertion,0.02,1,0.8100000000000002,1
4,35,59,8,2,1,0,16,0,0,0,28,4,0,variational_n4.qasm,gate_insertion,0.02,2,0.8049999999999998,1
4,35,59,8,2,1,0,16,0,0,0,28,4,0,variational_n4.qasm,gate_insertion,0.03,0,0.7700000000000001,1
4,35,59,8,2,1,0,16,0,0,0,28,4,0,variational_n4.qasm,gate_insertion,0.03,1,0.77,1
4,35,59,8,2,1,0,16,0,0,0,28,4,0,variational_n4.qasm,gate_insertion,0.03,2,0.81,1
4,35,59,8,2,1,0,16,0,0,0,28,4,0,variational_n4.qasm,gate_insertion,0.04,0,0.7550000000000001,1
4,35,59,8,2,1,0,16,0,0,0,28,4,0,variational_n4.qasm,gate_insertion,0.04,1,0.79,1
4,35,59,8,2,1,0,16,0,0,0,28,4,0,variational_n4.qasm,gate_insertion,0.04,2,0.7450000000000001,1
4,35,59,8,2,1,0,16,0,0,0,28,4,0,variational_n4.qasm,gate_insertion,0.05,0,0.745,1
4,35,59,8,2,1,0,16,0,0,0,28,4,0,variational_n4.qasm,gate_insertion,0.05,1,0.7650000000000001,1
4,35,59,8,2,1,0,16,0,0,0,28,4,0,variational_n4.qasm,gate_insertion,0.05,2,0.745,1
4,34,58,7,2,0,1,16,0,0,0,28,4,0,variational_n4.qasm,gate_substitution,0.005,0,0.185,1
4,34,58,7,2,0,1,16,0,0,0,28,4,0,variational_n4.qasm,gate_substitution,0.005,1,0.21000000000000002,1
4,34,58,7,2,0,1,16,0,0,0,28,4,0,variational_n4.qasm,gate_substitution,0.005,2,0.15500000000000003,1
4,34,58,7,2,0,1,16,0,0,0,28,4,0,variational_n4.qasm,gate_substitution,0.01,0,0.2700000000000001,1
4,34,58,7,2,0,1,16,0,0,0,28,4,0,variational_n4.qasm,gate_substitution,0.01,1,0.29000000000000004,1
4,34,58,7,2,0,1,16,0,0,0,28,4,0,variational_n4.qasm,gate_substitution,0.01,2,0.23000000000000004,1
4,34,58,7,2,0,1,16,0,0,0,28,4,0,variational_n4.qasm,gate_substitution,0.02,0,0.525,1
4,34,58,7,2,0,1,16,0,0,0,28,4,0,variational_n4.qasm,gate_substitution,0.02,1,0.465,1
4,34,58,7,2,0,1,16,0,0,0,28,4,0,variational_n4.qasm,gate_substitution,0.02,2,0.43000000000000005,1
4,34,58,7,2,0,1,16,0,0,0,28,4,0,variational_n4.qasm,gate_substitution,0.03,0,0.5900000000000001,1
4,34,58,7,2,0,1,16,0,0,0,28,4,0,variational_n4.qasm,gate_substitution,0.03,1,0.6100000000000001,1
4,34,58,7,2,0,1,16,0,0,0,28,4,0,variational_n4.qasm,gate_substitution,0.03,2,0.5350000000000001,1
4,34,58,7,2,0,1,16,0,0,0,28,4,0,variational_n4.qasm,gate_substitution,0.04,0,0.67,1
4,34,58,7,2,0,1,16,0,0,0,28,4,0,variational_n4.qasm,gate_substitution,0.04,1,0.5949999999999999,1
4,34,58,7,2,0,1,16,0,0,0,28,4,0,variational_n4.qasm,gate_substitution,0.04,2,0.66,1
4,34,58,7,2,0,1,16,0,0,0,28,4,0,variational_n4.qasm,gate_substitution,0.05,0,0.6550000000000001,1
4,34,58,7,2,0,1,16,0,0,0,28,4,0,variational_n4.qasm,gate_substitution,0.05,1,0.705,1
4,34,58,7,2,0,1,16,0,0,0,28,4,0,variational_n4.qasm,gate_substitution,0.05,2,0.6549999999999999,1
4,36,61,9,3,1,0,16,0,0,0,28,4,0,variational_n4.qasm,multiple_gate_insertion,0.005,0,0.93,1
4,36,61,9,3,1,0,16,0,0,0,28,4,0,variational_n4.qasm,multiple_gate_insertion,0.005,1,0.9649999999999999,1
4,36,61,9,3,1,0,16,0,0,0,28,4,0,variational_n4.qasm,multiple_gate_insertion,0.005,2,0.96,1
4,36,61,9,3,1,0,16,0,0,0,28,4,0,variational_n4.qasm,multiple_gate_insertion,0.01,0,0.9200000000000002,1
4,36,61,9,3,1,0,16,0,0,0,28,4,0,variational_n4.qasm,multiple_gate_insertion,0.01,1,0.9000000000000001,1
4,36,61,9,3,1,0,16,0,0,0,28,4,0,variational_n4.qasm,multiple_gate_insertion,0.01,2,0.9700000000000002,1
4,36,61,9,3,1,0,16,0,0,0,28,4,0,variational_n4.qasm,multiple_gate_insertion,0.02,0,0.81,1
4,36,61,9,3,1,0,16,0,0,0,28,4,0,variational_n4.qasm,multiple_gate_insertion,0.02,1,0.845,1
4,36,61,9,3,1,0,16,0,0,0,28,4,0,variational_n4.qasm,multiple_gate_insertion,0.02,2,0.885,1
4,36,61,9,3,1,0,16,0,0,0,28,4,0,variational_n4.qasm,multiple_gate_insertion,0.03,0,0.735,1
4,36,61,9,3,1,0,16,0,0,0,28,4,0,variational_n4.qasm,multiple_gate_insertion,0.03,1,0.8049999999999999,1
4,36,61,9,3,1,0,16,0,0,0,28,4,0,variational_n4.qasm,multiple_gate_insertion,0.03,2,0.8450000000000001,1
4,36,61,9,3,1,0,16,0,0,0,28,4,0,variational_n4.qasm,multiple_gate_insertion,0.04,0,0.8150000000000001,1
4,36,61,9,3,1,0,16,0,0,0,28,4,0,variational_n4.qasm,multiple_gate_insertion,0.04,1,0.8399999999999999,1
4,36,61,9,3,1,0,16,0,0,0,28,4,0,variational_n4.qasm,multiple_gate_insertion,0.04,2,0.7949999999999999,1
4,36,61,9,3,1,0,16,0,0,0,28,4,0,variational_n4.qasm,multiple_gate_insertion,0.05,0,0.7849999999999999,1
4,36,61,9,3,1,0,16,0,0,0,28,4,0,variational_n4.qasm,multiple_gate_insertion,0.05,1,0.7449999999999999,1
4,36,61,9,3,1,0,16,0,0,0,28,4,0,variational_n4.qasm,multiple_gate_insertion,0.05,2,0.77,1
4,34,58,8,2,0,0,16,0,0,0,28,4,0,variational_n4.qasm,normal,0.005,0,0.16000000000000003,0
4,34,58,8,2,0,0,16,0,0,0,28,4,0,variational_n4.qasm,normal,0.005,1,0.18500000000000005,0
4,34,58,8,2,0,0,16,0,0,0,28,4,0,variational_n4.qasm,normal,0.005,2,0.18500000000000005,0
4,34,58,8,2,0,0,16,0,0,0,28,4,0,variational_n4.qasm,normal,0.01,0,0.265,0
4,34,58,8,2,0,0,16,0,0,0,28,4,0,variational_n4.qasm,normal,0.01,1,0.2700000000000001,0
4,34,58,8,2,0,0,16,0,0,0,28,4,0,variational_n4.qasm,normal,0.01,2,0.285,0
4,34,58,8,2,0,0,16,0,0,0,28,4,0,variational_n4.qasm,normal,0.02,0,0.4650000000000001,0
4,34,58,8,2,0,0,16,0,0,0,28,4,0,variational_n4.qasm,normal,0.02,1,0.45499999999999996,0
4,34,58,8,2,0,0,16,0,0,0,28,4,0,variational_n4.qasm,normal,0.02,2,0.455,0
4,34,58,8,2,0,0,16,0,0,0,28,4,0,variational_n4.qasm,normal,0.03,0,0.585,0
4,34,58,8,2,0,0,16,0,0,0,28,4,0,variational_n4.qasm,normal,0.03,1,0.5700000000000001,0
4,34,58,8,2,0,0,16,0,0,0,28,4,0,variational_n4.qasm,normal,0.03,2,0.565,0
4,34,58,8,2,0,0,16,0,0,0,28,4,0,variational_n4.qasm,normal,0.04,0,0.625,0
4,34,58,8,2,0,0,16,0,0,0,28,4,0,variational_n4.qasm,normal,0.04,1,0.61,0
4,34,58,8,2,0,0,16,0,0,0,28,4,0,variational_n4.qasm,normal,0.04,2,0.6600000000000001,0
4,34,58,8,2,0,0,16,0,0,0,28,4,0,variational_n4.qasm,normal,0.05,0,0.6499999999999999,0
4,34,58,8,2,0,0,16,0,0,0,28,4,0,variational_n4.qasm,normal,0.05,1,0.65,0
4,34,58,8,2,0,0,16,0,0,0,28,4,0,variational_n4.qasm,normal,0.05,2,0.71,0
